,Nome,Sobrenome,Data de Nascimento,Loja,Produto,Data,Quantidade Vendida,Preco,Faturamento,Mes_Vendas
115,Patricia,Camara,01/03/1993,Salvador,Vestido,01/02/2018,147,110,16170,1
116,Breno,Amaral,27/01/1988,Rio de Janeiro,Sapato,01/02/2018,17,30,510,1
187,Iago,Bensdorp,13/12/1991,Porto Alegre,Vestido,01/03/2018,74,300,22200,1
188,Izabel,Milagre,20/07/1988,Porto Alegre,Vestido,01/03/2018,61,85,5185,1
190,Breno,Amaral,01/10/1992,Curitiba,Camiseta,01/03/2018,6,75,450,1
189,Elizeu,Barros,07/02/1992,Fortaleza,Camiseta,01/03/2018,17,190,3230,1
334,Jucelia,Bailly,18/03/1989,Brasilia,Sapato,01/04/2018,137,110,15070,1
335,Maryanna,Correa,10/05/1991,Sao Paulo,Saia,01/04/2018,133,85,11305,1
336,Iago,Bensdorp,18/12/1989,Porto Alegre,Camiseta,01/04/2018,44,230,10120,1
337,Emanuella,Fialho,08/09/1992,Rio de Janeiro,Casaco,01/04/2018,84,110,9240,1
338,Patricia,Camara,23/11/1993,Brasilia,Sapato,01/04/2018,135,30,4050,1
333,NatÃ¡lia,Huon,14/03/1989,Curitiba,Vestido,01/04/2018,124,190,23560,1
339,Maryanna,Correa,18/10/1989,Curitiba,Chinelo,01/04/2018,63,25,1575,1
472,Izabel,Milagre,12/11/1992,Sao Paulo,Sandalia,01/05/2018,101,75,7575,1
473,Maryanna,Correa,19/08/1991,Curitiba,Vestido,01/05/2018,74,55,4070,1
474,Joyce,Ribas,05/11/1989,Curitiba,Vestido,01/05/2018,32,85,2720,1
475,Emanuella,Fialho,15/04/1986,Rio de Janeiro,Sapato,01/05/2018,16,75,1200,1
508,Jucelia,Bailly,09/11/1992,Sao Paulo,Sapato,01/06/2018,63,85,5355,1
506,Eduarda,Figueiredo,22/11/1993,Porto Alegre,Chinelo,01/06/2018,82,250,20500,1
507,Izabel,Milagre,06/10/1991,Sao Paulo,Casaco,01/06/2018,77,190,14630,1
622,Juliane,Felipi,07/03/1987,Porto Alegre,Casaco,01/07/2018,23,110,2530,1
621,Andrew,Carvalhal,26/12/1987,Sao Paulo,Vestido,01/07/2018,84,230,19320,1
758,Juliane,Felipi,25/08/1985,Brasilia,Saia,01/08/2018,101,300,30300,1
759,Patricia,Camara,06/06/1986,Sao Paulo,Vestido,01/08/2018,61,230,14030,1
760,Paloma,Farias,29/09/1986,Salvador,Sapato,01/08/2018,71,110,7810,1
866,Tayna,Coimbra,07/07/1985,Sao Paulo,Sandalia,01/09/2018,3,30,90,1
864,Emanuella,Fialho,03/01/1985,Sao Paulo,Vestido,01/09/2018,54,190,10260,1
863,NatÃ¡lia,Huon,20/03/1985,Curitiba,Sandalia,01/09/2018,118,110,12980,1
865,Eduarda,Figueiredo,07/10/1990,Sao Paulo,Sandalia,01/09/2018,12,230,2760,1
861,Jucelia,Bailly,24/04/1988,Fortaleza,Sapato,01/09/2018,143,190,27170,1
860,Paloma,Farias,18/03/1987,Porto Alegre,Bermuda,01/09/2018,124,300,37200,1
862,NatÃ¡lia,Huon,20/07/1985,Sao Paulo,Camiseta,01/09/2018,95,200,19000,1
998,Elizeu,Barros,06/04/1990,Brasilia,Vestido,01/10/2018,91,190,17290,1
999,Andrew,Carvalhal,03/12/1991,Rio de Janeiro,Sapato,01/10/2018,148,75,11100,1
1000,Emanuella,Fialho,04/03/1986,Rio de Janeiro,Saia,01/10/2018,23,300,6900,1
1001,Elizeu,Barros,11/08/1988,Salvador,Vestido,01/10/2018,24,230,5520,1
1010,Joyce,Ribas,10/08/1986,Porto Alegre,Vestido,01/11/2018,134,85,11390,1
1009,Patricia,Camara,08/08/1988,Sao Paulo,Saia,01/11/2018,60,250,15000,1
1011,Andrew,Carvalhal,13/05/1986,Curitiba,Sapato,01/11/2018,71,30,2130,1
1142,Juliane,Felipi,13/07/1987,Curitiba,Sandalia,01/12/2018,84,25,2100,1
1141,Breno,Amaral,13/10/1987,Sao Paulo,Jaqueta,01/12/2018,137,55,7535,1
0,Elizeu,Barros,16/12/1993,Salvador,Casaco,02/01/2018,105,150,15750,2
1,Andrew,Carvalhal,18/07/1992,Brasilia,Camiseta,02/01/2018,57,250,14250,2
2,Andrew,Carvalhal,12/02/1985,Sao Paulo,Sapato,02/01/2018,44,150,6600,2
4,Iago,Bensdorp,11/12/1989,Brasilia,Vestido,02/01/2018,7,75,525,2
3,Paloma,Farias,29/03/1989,Rio de Janeiro,Vestido,02/01/2018,55,55,3025,2
117,Eduarda,Figueiredo,26/11/1986,Salvador,Sandalia,02/02/2018,93,110,10230,2
191,Andrew,Carvalhal,30/07/1989,Brasilia,Sandalia,02/03/2018,112,75,8400,2
192,Iago,Bensdorp,16/03/1993,Sao Paulo,Casaco,02/03/2018,65,110,7150,2
193,Andrew,Carvalhal,02/02/1986,Curitiba,Sandalia,02/03/2018,76,85,6460,2
194,Joyce,Ribas,04/02/1989,Brasilia,Vestido,02/03/2018,28,190,5320,2
195,Maryanna,Correa,12/09/1987,Porto Alegre,Vestido,02/03/2018,18,75,1350,2
196,Izabel,Milagre,24/02/1987,Sao Paulo,Camiseta,02/03/2018,9,85,765,2
344,Jucelia,Bailly,06/06/1990,Porto Alegre,Camiseta,02/04/2018,9,30,270,2
343,Joyce,Ribas,01/08/1993,Fortaleza,Sapato,02/04/2018,5,200,1000,2
342,Iago,Bensdorp,29/04/1986,Rio de Janeiro,Saia,02/04/2018,80,85,6800,2
341,Breno,Amaral,13/04/1988,Curitiba,Saia,02/04/2018,113,85,9605,2
340,Joyce,Ribas,29/11/1987,Brasilia,Camiseta,02/04/2018,145,110,15950,2
476,Juliane,Felipi,03/11/1990,Brasilia,Vestido,02/05/2018,138,150,20700,2
623,NatÃ¡lia,Huon,04/11/1986,Curitiba,Vestido,02/07/2018,57,230,13110,2
624,Eduarda,Figueiredo,29/12/1986,Sao Paulo,Camiseta,02/07/2018,127,85,10795,2
625,Breno,Amaral,31/07/1986,Curitiba,Sapato,02/07/2018,77,75,5775,2
626,Tayna,Coimbra,01/08/1988,Sao Paulo,Chinelo,02/07/2018,21,25,525,2
867,Emanuella,Fialho,16/06/1988,Fortaleza,Chinelo,02/09/2018,48,150,7200,2
1012,Patricia,Camara,03/11/1991,Brasilia,Vestido,02/11/2018,91,85,7735,2
1013,Emanuella,Fialho,12/07/1988,Rio de Janeiro,Vestido,02/11/2018,68,55,3740,2
1014,Jucelia,Bailly,16/07/1993,Porto Alegre,Vestido,02/11/2018,137,25,3425,2
1015,Izabel,Milagre,24/05/1992,Fortaleza,Casaco,02/11/2018,61,30,1830,2
1016,Maryanna,Correa,04/09/1988,Porto Alegre,Vestido,02/11/2018,20,30,600,2
1143,Jucelia,Bailly,06/05/1988,Fortaleza,Sapato,02/12/2018,87,55,4785,2
1144,Iago,Bensdorp,25/01/1988,Curitiba,Sapato,02/12/2018,5,230,1150,2
5,Paloma,Farias,22/12/1993,Brasilia,Sapato,03/01/2018,88,200,17600,3
7,Maryanna,Correa,06/05/1988,Porto Alegre,Saia,03/01/2018,109,55,5995,3
6,Patricia,Camara,10/09/1991,Sao Paulo,Sandalia,03/01/2018,116,55,6380,3
9,Andrew,Carvalhal,15/12/1986,Rio de Janeiro,Vestido,03/01/2018,40,55,2200,3
8,Joyce,Ribas,02/08/1985,Fortaleza,Saia,03/01/2018,12,250,3000,3
198,Breno,Amaral,23/01/1988,Curitiba,Pulseira,03/03/2018,80,85,6800,3
199,Jucelia,Bailly,26/04/1991,Brasilia,Vestido,03/03/2018,115,55,6325,3
200,Eduarda,Figueiredo,12/11/1993,Brasilia,Chinelo,03/03/2018,8,200,1600,3
201,Tayna,Coimbra,24/11/1985,Salvador,Tenis,03/03/2018,5,30,150,3
197,Izabel,Milagre,22/06/1987,Salvador,Short,03/03/2018,57,200,11400,3
346,Jucelia,Bailly,01/08/1986,Porto Alegre,Vestido,03/04/2018,80,150,12000,3
349,Juliane,Felipi,19/11/1992,Fortaleza,Pulseira,03/04/2018,80,25,2000,3
350,Izabel,Milagre,05/12/1990,Curitiba,Casaco,03/04/2018,5,75,375,3
348,Andrew,Carvalhal,03/03/1992,Sao Paulo,Short,03/04/2018,16,300,4800,3
347,Patricia,Camara,29/11/1990,Sao Paulo,Vestido,03/04/2018,50,190,9500,3
345,Iago,Bensdorp,03/10/1993,Sao Paulo,Vestido,03/04/2018,74,230,17020,3
627,Elizeu,Barros,24/11/1986,Sao Paulo,Sapato,03/07/2018,84,190,15960,3
628,Maryanna,Correa,08/02/1993,Porto Alegre,Sapato,03/07/2018,135,75,10125,3
874,Joyce,Ribas,30/09/1988,Brasilia,Vestido,03/09/2018,9,25,225,3
869,Maryanna,Correa,29/12/1985,Rio de Janeiro,Vestido,03/09/2018,65,55,3575,3
870,Elizeu,Barros,16/05/1990,Brasilia,Sapato,03/09/2018,131,25,3275,3
871,Breno,Amaral,02/06/1992,Porto Alegre,Bermuda,03/09/2018,107,30,3210,3
872,Tayna,Coimbra,22/02/1993,Brasilia,Casaco,03/09/2018,82,30,2460,3
873,Paloma,Farias,03/06/1987,Sao Paulo,Saia,03/09/2018,86,25,2150,3
868,Paloma,Farias,09/10/1985,Brasilia,Camiseta,03/09/2018,52,110,5720,3
1017,Joyce,Ribas,20/08/1985,Porto Alegre,Sapato,03/11/2018,75,190,14250,3
1145,Elizeu,Barros,29/08/1986,Fortaleza,Camiseta,03/12/2018,106,230,24380,3
1149,Andrew,Carvalhal,22/04/1990,Fortaleza,Camiseta,03/12/2018,119,75,8925,3
1146,Izabel,Milagre,05/11/1986,Sao Paulo,Camiseta,03/12/2018,68,230,15640,3
1151,Breno,Amaral,03/11/1988,Sao Paulo,Sapato,03/12/2018,44,85,3740,3
1150,Andrew,Carvalhal,21/06/1992,Porto Alegre,Saia,03/12/2018,127,30,3810,3
1148,Jucelia,Bailly,12/08/1989,Brasilia,Saia,03/12/2018,92,150,13800,3
1147,Andrew,Carvalhal,21/02/1993,Rio de Janeiro,Saia,03/12/2018,63,230,14490,3
11,Patricia,Camara,15/03/1989,Rio de Janeiro,Vestido,04/01/2018,5,200,1000,4
10,Paloma,Farias,01/05/1988,Brasilia,Vestido,04/01/2018,73,110,8030,4
202,Patricia,Camara,22/08/1992,Brasilia,Sapato,04/03/2018,136,110,14960,4
208,Breno,Amaral,04/11/1989,Rio de Janeiro,Vestido,04/03/2018,3,250,750,4
207,Eduarda,Figueiredo,12/02/1992,Brasilia,Vestido,04/03/2018,23,55,1265,4
206,Breno,Amaral,10/07/1987,Curitiba,Bermuda,04/03/2018,64,30,1920,4
205,Emanuella,Fialho,23/05/1990,Porto Alegre,Vestido,04/03/2018,33,75,2475,4
204,Emanuella,Fialho,30/08/1991,Porto Alegre,Sapato,04/03/2018,36,75,2700,4
203,Paloma,Farias,22/03/1988,Fortaleza,Vestido,04/03/2018,140,85,11900,4
352,Emanuella,Fialho,14/11/1992,Salvador,Casaco,04/04/2018,69,25,1725,4
351,Joyce,Ribas,04/11/1986,Porto Alegre,Sandalia,04/04/2018,106,85,9010,4
353,Iago,Bensdorp,31/08/1990,Fortaleza,Vestido,04/04/2018,5,150,750,4
630,Eduarda,Figueiredo,28/11/1986,Brasilia,Vestido,04/07/2018,20,200,4000,4
631,Eduarda,Figueiredo,25/01/1986,Salvador,Vestido,04/07/2018,61,55,3355,4
632,Emanuella,Fialho,29/04/1987,Brasilia,Sapato,04/07/2018,8,250,2000,4
629,Breno,Amaral,01/12/1991,Salvador,Bermuda,04/07/2018,141,190,26790,4
875,Jucelia,Bailly,14/07/1988,Rio de Janeiro,Vestido,04/09/2018,94,300,28200,4
876,Emanuella,Fialho,11/05/1990,Fortaleza,Casaco,04/09/2018,53,200,10600,4
877,Juliane,Felipi,20/09/1986,Porto Alegre,Jaqueta,04/09/2018,21,55,1155,4
1021,Breno,Amaral,02/09/1985,Brasilia,Casaco,04/11/2018,93,75,6975,4
1018,Juliane,Felipi,10/10/1989,Porto Alegre,Camiseta,04/11/2018,118,230,27140,4
1023,Joyce,Ribas,19/07/1992,Sao Paulo,Sapato,04/11/2018,88,25,2200,4
1019,Jucelia,Bailly,07/03/1989,Porto Alegre,Jaqueta,04/11/2018,50,250,12500,4
1022,Paloma,Farias,21/12/1986,Porto Alegre,Sapato,04/11/2018,74,30,2220,4
1024,Breno,Amaral,16/10/1993,Sao Paulo,Sapato,04/11/2018,32,25,800,4
1020,Izabel,Milagre,19/12/1985,Brasilia,Sapato,04/11/2018,85,110,9350,4
1153,Tayna,Coimbra,24/01/1990,Salvador,Casaco,04/12/2018,10,200,2000,4
1152,Breno,Amaral,16/11/1987,Sao Paulo,Chinelo,04/12/2018,87,150,13050,4
1154,Eduarda,Figueiredo,05/10/1986,Fortaleza,Vestido,04/12/2018,13,30,390,4
14,Jucelia,Bailly,26/04/1987,Fortaleza,Camiseta,05/01/2018,99,30,2970,5
15,Iago,Bensdorp,15/08/1989,Fortaleza,Casaco,05/01/2018,53,25,1325,5
12,Paloma,Farias,01/12/1985,Rio de Janeiro,Sapato,05/01/2018,121,110,13310,5
13,Joyce,Ribas,16/06/1986,Curitiba,Vestido,05/01/2018,73,110,8030,5
209,Iago,Bensdorp,23/04/1993,Sao Paulo,Casaco,05/03/2018,96,250,24000,5
210,Iago,Bensdorp,09/12/1990,Rio de Janeiro,Sapato,05/03/2018,118,200,23600,5
211,Breno,Amaral,27/12/1986,Sao Paulo,Sapato,05/03/2018,40,230,9200,5
212,Iago,Bensdorp,05/03/1991,Porto Alegre,Chinelo,05/03/2018,117,55,6435,5
213,Eduarda,Figueiredo,17/07/1992,Rio de Janeiro,Sandalia,05/03/2018,59,55,3245,5
360,Juliane,Felipi,19/08/1988,Sao Paulo,Short,05/04/2018,14,110,1540,5
359,Emanuella,Fialho,22/12/1986,Fortaleza,Jaqueta,05/04/2018,51,75,3825,5
358,Elizeu,Barros,06/12/1988,Salvador,Chinelo,05/04/2018,76,55,4180,5
357,Iago,Bensdorp,10/06/1992,Curitiba,Sapato,05/04/2018,113,75,8475,5
356,Joyce,Ribas,13/05/1986,Rio de Janeiro,Short,05/04/2018,50,200,10000,5
355,Izabel,Milagre,16/11/1985,Brasilia,Sandalia,05/04/2018,90,190,17100,5
354,NatÃ¡lia,Huon,29/05/1988,Brasilia,Casaco,05/04/2018,114,190,21660,5
639,Elizeu,Barros,29/01/1986,Rio de Janeiro,Vestido,05/07/2018,73,25,1825,5
638,Izabel,Milagre,24/11/1986,Porto Alegre,Camiseta,05/07/2018,31,75,2325,5
637,Maryanna,Correa,16/05/1988,Brasilia,Vestido,05/07/2018,38,230,8740,5
636,Jucelia,Bailly,27/05/1993,Sao Paulo,Bermuda,05/07/2018,91,150,13650,5
635,NatÃ¡lia,Huon,13/08/1988,Porto Alegre,Pulseira,05/07/2018,65,250,16250,5
634,Juliane,Felipi,26/04/1990,Fortaleza,Sandalia,05/07/2018,120,230,27600,5
633,Jucelia,Bailly,13/12/1992,Sao Paulo,Saia,05/07/2018,125,250,31250,5
879,Joyce,Ribas,29/05/1988,Curitiba,Jaqueta,05/09/2018,112,150,16800,5
878,Andrew,Carvalhal,20/04/1991,Sao Paulo,Casaco,05/09/2018,69,300,20700,5
1025,Andrew,Carvalhal,29/07/1991,Sao Paulo,Casaco,05/11/2018,124,85,10540,5
1026,Iago,Bensdorp,28/06/1985,Sao Paulo,Sapato,05/11/2018,13,25,325,5
1156,Izabel,Milagre,03/05/1991,Rio de Janeiro,Vestido,05/12/2018,51,30,1530,5
1155,Iago,Bensdorp,24/07/1989,Porto Alegre,Sapato,05/12/2018,29,250,7250,5
1157,Elizeu,Barros,14/10/1989,Salvador,Casaco,05/12/2018,4,30,120,5
19,Emanuella,Fialho,17/12/1987,Brasilia,Bermuda,06/01/2018,54,25,1350,6
16,Iago,Bensdorp,03/01/1993,Fortaleza,Camiseta,06/01/2018,120,300,36000,6
17,Maryanna,Correa,18/01/1991,Brasilia,Vestido,06/01/2018,145,75,10875,6
18,Izabel,Milagre,07/01/1987,Salvador,Casaco,06/01/2018,120,25,3000,6
216,Iago,Bensdorp,24/10/1985,Curitiba,Chinelo,06/03/2018,9,200,1800,6
215,Andrew,Carvalhal,02/05/1989,Fortaleza,Sapato,06/03/2018,17,190,3230,6
218,Eduarda,Figueiredo,27/10/1989,Brasilia,Bermuda,06/03/2018,1,85,85,6
217,Izabel,Milagre,30/12/1992,Curitiba,Vestido,06/03/2018,4,300,1200,6
214,Andrew,Carvalhal,23/04/1986,Porto Alegre,Bermuda,06/03/2018,74,85,6290,6
361,Elizeu,Barros,08/09/1989,Fortaleza,Chinelo,06/04/2018,139,230,31970,6
509,Elizeu,Barros,15/08/1987,Salvador,Short,06/06/2018,65,75,4875,6
510,Elizeu,Barros,06/02/1993,Rio de Janeiro,Vestido,06/06/2018,6,25,150,6
643,Izabel,Milagre,26/04/1992,Porto Alegre,Casaco,06/07/2018,8,85,680,6
641,Maryanna,Correa,04/01/1985,Porto Alegre,Pulseira,06/07/2018,103,75,7725,6
640,Joyce,Ribas,02/02/1991,Sao Paulo,Vestido,06/07/2018,71,200,14200,6
642,Eduarda,Figueiredo,17/08/1988,Porto Alegre,Tenis,06/07/2018,51,150,7650,6
762,Joyce,Ribas,10/02/1986,Sao Paulo,Vestido,06/08/2018,10,55,550,6
761,Breno,Amaral,29/04/1985,Porto Alegre,Saia,06/08/2018,114,75,8550,6
884,Paloma,Farias,30/08/1992,Rio de Janeiro,Casaco,06/09/2018,17,200,3400,6
883,Jucelia,Bailly,25/12/1985,Fortaleza,Sapato,06/09/2018,84,55,4620,6
882,Joyce,Ribas,03/12/1986,Brasilia,Camiseta,06/09/2018,51,230,11730,6
881,Eduarda,Figueiredo,02/01/1988,Curitiba,Pulseira,06/09/2018,77,190,14630,6
880,Jucelia,Bailly,22/11/1992,Salvador,Saia,06/09/2018,110,150,16500,6
1030,Iago,Bensdorp,23/10/1992,Salvador,Vestido,06/11/2018,59,25,1475,6
1028,Paloma,Farias,23/12/1993,Sao Paulo,Sapato,06/11/2018,88,85,7480,6
1027,Breno,Amaral,09/02/1992,Brasilia,Pulseira,06/11/2018,31,300,9300,6
1029,Jucelia,Bailly,05/03/1986,Brasilia,Vestido,06/11/2018,125,30,3750,6
1166,Emanuella,Fialho,23/04/1991,Sao Paulo,Sapato,06/12/2018,29,30,870,6
1160,Maryanna,Correa,04/05/1991,Brasilia,Short,06/12/2018,98,85,8330,6
1163,Izabel,Milagre,04/12/1993,Brasilia,Short,06/12/2018,102,25,2550,6
1162,Joyce,Ribas,12/09/1988,Sao Paulo,Vestido,06/12/2018,58,55,3190,6
1161,Iago,Bensdorp,30/06/1993,Porto Alegre,Saia,06/12/2018,45,85,3825,6
1159,Andrew,Carvalhal,15/12/1988,Fortaleza,Casaco,06/12/2018,43,300,12900,6
1158,Emanuella,Fialho,31/10/1986,Rio de Janeiro,Vestido,06/12/2018,111,150,16650,6
1164,Izabel,Milagre,26/02/1987,Rio de Janeiro,Casaco,06/12/2018,76,30,2280,6
1165,Emanuella,Fialho,12/11/1989,Curitiba,Bermuda,06/12/2018,5,200,1000,6
20,Paloma,Farias,10/08/1989,Salvador,Vestido,07/01/2018,121,55,6655,7
21,Joyce,Ribas,09/03/1988,Brasilia,Camiseta,07/01/2018,78,75,5850,7
22,Breno,Amaral,14/06/1985,Salvador,Pulseira,07/01/2018,16,250,4000,7
23,Breno,Amaral,04/04/1993,Salvador,Vestido,07/01/2018,64,25,1600,7
24,Iago,Bensdorp,09/01/1989,Brasilia,Bermuda,07/01/2018,60,25,1500,7
220,Elizeu,Barros,03/08/1993,Curitiba,Sapato,07/03/2018,52,85,4420,7
221,Patricia,Camara,07/03/1993,Salvador,Vestido,07/03/2018,14,230,3220,7
222,Maryanna,Correa,03/11/1990,Sao Paulo,Sandalia,07/03/2018,23,110,2530,7
219,Joyce,Ribas,24/02/1992,Fortaleza,Camiseta,07/03/2018,120,85,10200,7
362,Emanuella,Fialho,29/09/1985,Brasilia,Sapato,07/04/2018,18,75,1350,7
512,Emanuella,Fialho,11/07/1990,Salvador,Vestido,07/06/2018,127,85,10795,7
511,Joyce,Ribas,10/01/1988,Sao Paulo,Camiseta,07/06/2018,144,75,10800,7
514,Elizeu,Barros,07/05/1986,Porto Alegre,Casaco,07/06/2018,131,55,7205,7
515,Izabel,Milagre,30/12/1991,Salvador,Sandalia,07/06/2018,96,75,7200,7
516,Tayna,Coimbra,04/05/1991,Fortaleza,Vestido,07/06/2018,5,85,425,7
513,Iago,Bensdorp,17/10/1992,Salvador,Vestido,07/06/2018,61,150,9150,7
644,Jucelia,Bailly,30/12/1993,Rio de Janeiro,Bermuda,07/07/2018,48,300,14400,7
645,Tayna,Coimbra,28/12/1990,Rio de Janeiro,Pulseira,07/07/2018,46,30,1380,7
885,Joyce,Ribas,05/01/1986,Rio de Janeiro,Chinelo,07/09/2018,139,300,41700,7
888,Breno,Amaral,17/07/1986,Curitiba,Saia,07/09/2018,44,85,3740,7
886,Maryanna,Correa,20/06/1992,Sao Paulo,Casaco,07/09/2018,54,200,10800,7
887,Izabel,Milagre,10/01/1988,Sao Paulo,Chinelo,07/09/2018,62,75,4650,7
889,Andrew,Carvalhal,04/03/1988,Brasilia,Casaco,07/09/2018,101,25,2525,7
1031,Iago,Bensdorp,25/08/1993,Rio de Janeiro,Sapato,07/11/2018,138,75,10350,7
1033,Jucelia,Bailly,12/12/1991,Brasilia,Pulseira,07/11/2018,139,30,4170,7
1034,Andrew,Carvalhal,11/03/1987,Salvador,Casaco,07/11/2018,34,55,1870,7
1032,Breno,Amaral,29/10/1989,Salvador,Saia,07/11/2018,54,190,10260,7
1035,NatÃ¡lia,Huon,09/08/1988,Fortaleza,Camiseta,07/11/2018,40,25,1000,7
1036,Iago,Bensdorp,21/07/1991,Salvador,Casaco,07/11/2018,12,55,660,7
1167,Eduarda,Figueiredo,14/10/1988,Curitiba,Chinelo,07/12/2018,61,190,11590,7
1170,Breno,Amaral,30/11/1989,Brasilia,Saia,07/12/2018,15,110,1650,7
1169,Maryanna,Correa,08/03/1988,Rio de Janeiro,Vestido,07/12/2018,44,150,6600,7
1168,Patricia,Camara,14/03/1990,Sao Paulo,Casaco,07/12/2018,90,75,6750,7
1171,Iago,Bensdorp,29/04/1989,Salvador,Bermuda,07/12/2018,13,110,1430,7
25,Jucelia,Bailly,19/08/1992,Curitiba,Vestido,08/01/2018,127,230,29210,8
28,Patricia,Camara,10/09/1987,Fortaleza,Sapato,08/01/2018,125,30,3750,8
27,Izabel,Milagre,29/09/1993,Salvador,Vestido,08/01/2018,120,150,18000,8
26,Paloma,Farias,09/10/1987,Curitiba,Sandalia,08/01/2018,107,190,20330,8
224,Elizeu,Barros,13/10/1989,Sao Paulo,Casaco,08/03/2018,45,25,1125,8
223,Jucelia,Bailly,01/10/1989,Brasilia,Casaco,08/03/2018,61,75,4575,8
368,Eduarda,Figueiredo,17/03/1991,Sao Paulo,Casaco,08/04/2018,122,30,3660,8
365,Breno,Amaral,10/12/1988,Curitiba,Tenis,08/04/2018,39,150,5850,8
364,Jucelia,Bailly,11/03/1985,Curitiba,Saia,08/04/2018,123,55,6765,8
363,Andrew,Carvalhal,12/09/1991,Porto Alegre,Casaco,08/04/2018,60,190,11400,8
366,Andrew,Carvalhal,29/04/1990,Rio de Janeiro,Vestido,08/04/2018,36,150,5400,8
367,Jucelia,Bailly,08/11/1986,Rio de Janeiro,Casaco,08/04/2018,129,30,3870,8
517,Tayna,Coimbra,22/08/1990,Porto Alegre,Vestido,08/06/2018,124,200,24800,8
518,Jucelia,Bailly,04/07/1986,Fortaleza,Vestido,08/06/2018,90,150,13500,8
519,Joyce,Ribas,25/10/1993,Rio de Janeiro,Vestido,08/06/2018,11,200,2200,8
520,Tayna,Coimbra,12/06/1993,Fortaleza,Camiseta,08/06/2018,19,55,1045,8
651,Andrew,Carvalhal,26/07/1992,Curitiba,Casaco,08/07/2018,62,25,1550,8
653,Maryanna,Correa,29/12/1986,Rio de Janeiro,Vestido,08/07/2018,8,75,600,8
652,Andrew,Carvalhal,08/08/1991,Rio de Janeiro,Vestido,08/07/2018,6,250,1500,8
650,Patricia,Camara,08/07/1985,Curitiba,Pulseira,08/07/2018,32,85,2720,8
649,Iago,Bensdorp,30/09/1993,Salvador,Bermuda,08/07/2018,148,30,4440,8
648,Jucelia,Bailly,19/07/1990,Curitiba,Sandalia,08/07/2018,42,190,7980,8
647,Emanuella,Fialho,01/01/1989,Curitiba,Sapato,08/07/2018,78,150,11700,8
646,Iago,Bensdorp,11/09/1985,Curitiba,Pulseira,08/07/2018,121,250,30250,8
890,Breno,Amaral,19/04/1991,Porto Alegre,Vestido,08/09/2018,58,150,8700,8
892,Iago,Bensdorp,04/10/1985,Brasilia,Chinelo,08/09/2018,12,250,3000,8
893,Juliane,Felipi,31/07/1991,Fortaleza,Vestido,08/09/2018,5,250,1250,8
891,Paloma,Farias,22/11/1986,Curitiba,Vestido,08/09/2018,121,25,3025,8
1042,Andrew,Carvalhal,04/04/1993,Rio de Janeiro,Camiseta,08/11/2018,42,55,2310,8
1037,Jucelia,Bailly,27/05/1989,Fortaleza,Jaqueta,08/11/2018,118,250,29500,8
1040,Andrew,Carvalhal,18/12/1990,Curitiba,Vestido,08/11/2018,60,75,4500,8
1041,Tayna,Coimbra,05/05/1988,Fortaleza,Camiseta,08/11/2018,109,25,2725,8
1039,Elizeu,Barros,28/10/1991,Salvador,Vestido,08/11/2018,70,230,16100,8
1038,Tayna,Coimbra,24/02/1990,Sao Paulo,Sapato,08/11/2018,144,190,27360,8
1174,Jucelia,Bailly,09/02/1993,Curitiba,Casaco,08/12/2018,125,55,6875,8
1173,Breno,Amaral,04/08/1991,Sao Paulo,Casaco,08/12/2018,34,230,7820,8
1172,Jucelia,Bailly,09/05/1987,Porto Alegre,Short,08/12/2018,104,250,26000,8
29,Izabel,Milagre,21/12/1990,Brasilia,Casaco,09/01/2018,62,30,1860,9
30,Andrew,Carvalhal,20/12/1993,Salvador,Camiseta,09/01/2018,58,30,1740,9
31,Iago,Bensdorp,06/04/1990,Rio de Janeiro,Vestido,09/01/2018,5,30,150,9
118,Iago,Bensdorp,09/02/1985,Sao Paulo,Casaco,09/02/2018,80,85,6800,9
225,Elizeu,Barros,07/09/1989,Salvador,Sapato,09/03/2018,118,190,22420,9
371,Maryanna,Correa,08/01/1985,Porto Alegre,Casaco,09/04/2018,28,190,5320,9
370,Patricia,Camara,02/10/1990,Porto Alegre,Vestido,09/04/2018,79,75,5925,9
369,Patricia,Camara,18/04/1985,Brasilia,Vestido,09/04/2018,118,55,6490,9
374,Patricia,Camara,07/05/1988,Porto Alegre,Short,09/04/2018,8,190,1520,9
372,Andrew,Carvalhal,04/09/1991,Porto Alegre,Vestido,09/04/2018,43,110,4730,9
373,Maryanna,Correa,05/04/1990,Brasilia,Vestido,09/04/2018,24,85,2040,9
655,Iago,Bensdorp,25/10/1990,Brasilia,Tenis,09/07/2018,127,25,3175,9
656,Tayna,Coimbra,10/04/1987,Rio de Janeiro,Saia,09/07/2018,45,55,2475,9
654,Izabel,Milagre,29/05/1990,Fortaleza,Tenis,09/07/2018,99,300,29700,9
895,Joyce,Ribas,15/09/1987,Fortaleza,Chinelo,09/09/2018,39,300,11700,9
897,Tayna,Coimbra,17/12/1988,Rio de Janeiro,Vestido,09/09/2018,38,55,2090,9
896,Maryanna,Correa,24/07/1988,Curitiba,Saia,09/09/2018,16,200,3200,9
894,Emanuella,Fialho,24/08/1993,Sao Paulo,Camiseta,09/09/2018,111,110,12210,9
1046,Breno,Amaral,03/11/1991,Sao Paulo,Tenis,09/11/2018,46,55,2530,9
1045,Joyce,Ribas,10/03/1990,Porto Alegre,Casaco,09/11/2018,34,200,6800,9
1044,Izabel,Milagre,08/10/1991,Curitiba,Vestido,09/11/2018,100,110,11000,9
1043,Joyce,Ribas,17/03/1988,Sao Paulo,Camiseta,09/11/2018,137,110,15070,9
1175,Paloma,Farias,24/08/1990,Rio de Janeiro,Saia,09/12/2018,40,30,1200,9
1177,Juliane,Felipi,14/07/1993,Brasilia,Short,09/12/2018,4,25,100,9
1176,Jucelia,Bailly,13/12/1988,Sao Paulo,Saia,09/12/2018,5,25,125,9
32,Joyce,Ribas,10/03/1989,Brasilia,Jaqueta,10/01/2018,115,190,21850,10
33,Izabel,Milagre,18/06/1988,Brasilia,Vestido,10/01/2018,79,85,6715,10
34,Jucelia,Bailly,14/02/1992,Rio de Janeiro,Vestido,10/01/2018,7,190,1330,10
226,Breno,Amaral,08/10/1989,Porto Alegre,Sapato,10/03/2018,83,150,12450,10
228,Breno,Amaral,09/02/1989,Sao Paulo,Tenis,10/03/2018,102,85,8670,10
227,Breno,Amaral,06/04/1991,Sao Paulo,Short,10/03/2018,45,200,9000,10
375,Iago,Bensdorp,28/03/1990,Porto Alegre,Vestido,10/04/2018,69,250,17250,10
377,Emanuella,Fialho,08/11/1985,Fortaleza,Sapato,10/04/2018,4,150,600,10
376,Izabel,Milagre,31/03/1990,Curitiba,Vestido,10/04/2018,87,75,6525,10
526,Eduarda,Figueiredo,12/11/1992,Curitiba,Sapato,10/06/2018,1,230,230,10
521,Breno,Amaral,04/09/1988,Salvador,Camiseta,10/06/2018,129,250,32250,10
525,Juliane,Felipi,11/02/1990,Salvador,Vestido,10/06/2018,27,85,2295,10
524,Izabel,Milagre,12/08/1988,Rio de Janeiro,Vestido,10/06/2018,10,230,2300,10
522,Elizeu,Barros,17/12/1987,Rio de Janeiro,Vestido,10/06/2018,87,55,4785,10
523,Emanuella,Fialho,14/12/1990,Curitiba,Casaco,10/06/2018,35,110,3850,10
660,Iago,Bensdorp,08/11/1992,Porto Alegre,Casaco,10/07/2018,54,110,5940,10
658,Andrew,Carvalhal,08/03/1990,Fortaleza,Camiseta,10/07/2018,51,190,9690,10
659,Jucelia,Bailly,07/11/1987,Rio de Janeiro,Vestido,10/07/2018,142,55,7810,10
661,Patricia,Camara,03/03/1986,Rio de Janeiro,Chinelo,10/07/2018,54,55,2970,10
657,Breno,Amaral,24/09/1986,Curitiba,Short,10/07/2018,104,250,26000,10
899,Joyce,Ribas,29/10/1990,Porto Alegre,Vestido,10/09/2018,62,150,9300,10
900,Elizeu,Barros,18/12/1991,Porto Alegre,Casaco,10/09/2018,41,200,8200,10
901,Eduarda,Figueiredo,21/07/1986,Fortaleza,Jaqueta,10/09/2018,139,30,4170,10
902,Maryanna,Correa,10/07/1993,Fortaleza,Casaco,10/09/2018,66,25,1650,10
898,Paloma,Farias,25/06/1992,Curitiba,Chinelo,10/09/2018,107,110,11770,10
903,Tayna,Coimbra,22/02/1988,Porto Alegre,Saia,10/09/2018,2,110,220,10
1051,Paloma,Farias,23/12/1989,Salvador,Vestido,10/11/2018,2,200,400,10
1050,Andrew,Carvalhal,25/07/1985,Fortaleza,Vestido,10/11/2018,102,75,7650,10
1049,Emanuella,Fialho,17/07/1986,Curitiba,Vestido,10/11/2018,144,85,12240,10
1048,Joyce,Ribas,25/05/1986,Brasilia,Jaqueta,10/11/2018,122,110,13420,10
1047,Iago,Bensdorp,09/08/1989,Curitiba,Saia,10/11/2018,140,300,42000,10
1179,Emanuella,Fialho,10/08/1992,Brasilia,Sapato,10/12/2018,89,190,16910,10
1178,Andrew,Carvalhal,28/03/1986,Brasilia,Casaco,10/12/2018,121,230,27830,10
1180,Breno,Amaral,16/05/1990,Rio de Janeiro,Camiseta,10/12/2018,122,110,13420,10
1181,Emanuella,Fialho,24/02/1988,Brasilia,Saia,10/12/2018,123,30,3690,10
1182,Juliane,Felipi,14/07/1986,Curitiba,Sapato,10/12/2018,86,30,2580,10
1183,Emanuella,Fialho,31/03/1988,Brasilia,Vestido,10/12/2018,91,25,2275,10
35,Emanuella,Fialho,24/01/1987,Curitiba,Vestido,11/01/2018,42,200,8400,11
36,Paloma,Farias,13/08/1992,Fortaleza,Vestido,11/01/2018,42,75,3150,11
229,Izabel,Milagre,26/09/1992,Brasilia,Vestido,11/03/2018,135,230,31050,11
230,Paloma,Farias,12/10/1987,Salvador,Sandalia,11/03/2018,46,200,9200,11
231,Juliane,Felipi,01/11/1992,Porto Alegre,Pulseira,11/03/2018,52,25,1300,11
378,Maryanna,Correa,30/11/1989,Fortaleza,Short,11/04/2018,124,300,37200,11
383,Joyce,Ribas,09/12/1987,Porto Alegre,Vestido,11/04/2018,15,85,1275,11
382,Jucelia,Bailly,14/05/1987,Curitiba,Vestido,11/04/2018,109,55,5995,11
381,Emanuella,Fialho,12/03/1991,Brasilia,Saia,11/04/2018,45,190,8550,11
380,Patricia,Camara,04/11/1992,Curitiba,Camiseta,11/04/2018,38,230,8740,11
379,Andrew,Carvalhal,23/07/1992,Salvador,Pulseira,11/04/2018,41,300,12300,11
527,Elizeu,Barros,28/02/1992,Salvador,Casaco,11/06/2018,111,230,25530,11
528,Iago,Bensdorp,14/09/1985,Fortaleza,Sapato,11/06/2018,113,75,8475,11
529,Iago,Bensdorp,22/05/1993,Fortaleza,Casaco,11/06/2018,4,85,340,11
666,Maryanna,Correa,30/09/1992,Porto Alegre,Casaco,11/07/2018,12,55,660,11
665,Jucelia,Bailly,06/10/1992,Porto Alegre,Casaco,11/07/2018,6,300,1800,11
664,Jucelia,Bailly,27/04/1992,Brasilia,Camiseta,11/07/2018,52,75,3900,11
662,Joyce,Ribas,15/01/1989,Brasilia,Camiseta,11/07/2018,53,190,10070,11
663,Jucelia,Bailly,08/08/1987,Sao Paulo,Sandalia,11/07/2018,100,75,7500,11
764,Jucelia,Bailly,17/09/1993,Salvador,Short,11/08/2018,29,30,870,11
763,Eduarda,Figueiredo,11/04/1987,Fortaleza,Sapato,11/08/2018,17,110,1870,11
904,NatÃ¡lia,Huon,11/04/1989,Sao Paulo,Casaco,11/09/2018,100,300,30000,11
905,Tayna,Coimbra,23/07/1993,Salvador,Tenis,11/09/2018,93,30,2790,11
907,NatÃ¡lia,Huon,27/05/1993,Brasilia,Saia,11/09/2018,9,30,270,11
906,Juliane,Felipi,08/08/1991,Fortaleza,Saia,11/09/2018,57,30,1710,11
1054,Maryanna,Correa,29/10/1985,Fortaleza,Saia,11/11/2018,128,30,3840,11
1053,Eduarda,Figueiredo,29/12/1986,Brasilia,Casaco,11/11/2018,106,85,9010,11
1052,NatÃ¡lia,Huon,12/09/1993,Rio de Janeiro,Casaco,11/11/2018,59,300,17700,11
1055,NatÃ¡lia,Huon,22/10/1989,Porto Alegre,Vestido,11/11/2018,13,75,975,11
1186,Joyce,Ribas,19/03/1991,Curitiba,Casaco,11/12/2018,71,25,1775,11
1184,Jucelia,Bailly,27/07/1988,Brasilia,Camiseta,11/12/2018,97,230,22310,11
1185,Elizeu,Barros,22/04/1987,Brasilia,Camiseta,11/12/2018,94,85,7990,11
1187,Juliane,Felipi,16/08/1991,Rio de Janeiro,Saia,11/12/2018,6,75,450,11
234,Juliane,Felipi,05/05/1985,Porto Alegre,Casaco,12/03/2018,30,75,2250,12
236,Tayna,Coimbra,05/10/1991,Curitiba,Chinelo,12/03/2018,23,25,575,12
235,Maryanna,Correa,30/07/1993,Brasilia,Sapato,12/03/2018,64,25,1600,12
233,Andrew,Carvalhal,15/07/1992,Fortaleza,Vestido,12/03/2018,13,250,3250,12
232,Juliane,Felipi,03/03/1991,Porto Alegre,Vestido,12/03/2018,73,300,21900,12
384,Emanuella,Fialho,14/09/1991,Sao Paulo,Camiseta,12/04/2018,47,190,8930,12
387,Joyce,Ribas,24/03/1987,Fortaleza,Sandalia,12/04/2018,3,250,750,12
385,Breno,Amaral,11/12/1986,Curitiba,Tenis,12/04/2018,63,110,6930,12
386,Juliane,Felipi,13/05/1990,Porto Alegre,Camiseta,12/04/2018,120,25,3000,12
533,Jucelia,Bailly,09/09/1987,Curitiba,Sandalia,12/06/2018,127,25,3175,12
532,Breno,Amaral,01/05/1990,Sao Paulo,Sapato,12/06/2018,107,110,11770,12
531,Patricia,Camara,19/02/1989,Brasilia,Sapato,12/06/2018,87,190,16530,12
530,Juliane,Felipi,13/08/1985,Rio de Janeiro,Camiseta,12/06/2018,81,300,24300,12
671,Izabel,Milagre,30/01/1985,Rio de Janeiro,Bermuda,12/07/2018,67,55,3685,12
670,Andrew,Carvalhal,12/12/1991,Curitiba,Camiseta,12/07/2018,34,150,5100,12
669,Paloma,Farias,22/02/1986,Curitiba,Camiseta,12/07/2018,29,230,6670,12
668,Emanuella,Fialho,05/07/1985,Rio de Janeiro,Casaco,12/07/2018,101,75,7575,12
667,Eduarda,Figueiredo,24/07/1987,Rio de Janeiro,Sandalia,12/07/2018,124,75,9300,12
672,Emanuella,Fialho,04/11/1987,Salvador,Casaco,12/07/2018,94,30,2820,12
767,Andrew,Carvalhal,28/08/1991,Salvador,Sapato,12/08/2018,9,300,2700,12
766,Joyce,Ribas,01/05/1988,Curitiba,Sapato,12/08/2018,93,150,13950,12
765,Paloma,Farias,30/06/1986,Rio de Janeiro,Jaqueta,12/08/2018,83,200,16600,12
908,Jucelia,Bailly,18/06/1990,Curitiba,Vestido,12/09/2018,104,190,19760,12
912,Andrew,Carvalhal,13/02/1992,Curitiba,Camiseta,12/09/2018,48,25,1200,12
911,Jucelia,Bailly,22/09/1986,Porto Alegre,Pulseira,12/09/2018,92,25,2300,12
909,Maryanna,Correa,24/10/1993,Curitiba,Sandalia,12/09/2018,56,190,10640,12
910,Elizeu,Barros,30/10/1991,Salvador,Camiseta,12/09/2018,60,110,6600,12
1056,Joyce,Ribas,08/10/1988,Salvador,Sapato,12/11/2018,75,250,18750,12
1058,Emanuella,Fialho,17/10/1993,Salvador,Short,12/11/2018,77,30,2310,12
1057,Maryanna,Correa,06/11/1991,Sao Paulo,Casaco,12/11/2018,66,230,15180,12
1190,Elizeu,Barros,16/03/1989,Curitiba,Bermuda,12/12/2018,17,230,3910,12
1189,Joyce,Ribas,05/05/1992,Brasilia,Sandalia,12/12/2018,97,75,7275,12
1188,NatÃ¡lia,Huon,17/08/1992,Sao Paulo,Vestido,12/12/2018,92,230,21160,12
37,Elizeu,Barros,07/08/1989,Sao Paulo,Sapato,13/01/2018,150,85,12750,1
39,Izabel,Milagre,11/09/1992,Salvador,Short,13/01/2018,55,190,10450,1
40,Andrew,Carvalhal,12/09/1993,Curitiba,Bermuda,13/01/2018,21,250,5250,1
41,Elizeu,Barros,28/11/1992,Fortaleza,Chinelo,13/01/2018,49,55,2695,1
38,Elizeu,Barros,08/12/1988,Sao Paulo,Tenis,13/01/2018,71,150,10650,1
237,Elizeu,Barros,07/02/1993,Porto Alegre,Vestido,13/03/2018,98,110,10780,3
238,Patricia,Camara,09/03/1989,Sao Paulo,Camiseta,13/03/2018,43,200,8600,3
239,Patricia,Camara,28/11/1985,Porto Alegre,Sandalia,13/03/2018,28,300,8400,3
240,Maryanna,Correa,26/08/1985,Curitiba,Tenis,13/03/2018,100,55,5500,3
241,Andrew,Carvalhal,03/05/1990,Fortaleza,Saia,13/03/2018,53,75,3975,3
388,Eduarda,Figueiredo,01/06/1990,Rio de Janeiro,Casaco,13/04/2018,88,190,16720,4
389,Joyce,Ribas,05/03/1993,Brasilia,Jaqueta,13/04/2018,81,150,12150,4
390,Jucelia,Bailly,06/08/1989,Rio de Janeiro,Sapato,13/04/2018,34,75,2550,4
535,Emanuella,Fialho,16/12/1985,Salvador,Vestido,13/06/2018,17,190,3230,6
534,Emanuella,Fialho,15/06/1988,Rio de Janeiro,Vestido,13/06/2018,49,200,9800,6
673,NatÃ¡lia,Huon,18/07/1992,Curitiba,Casaco,13/07/2018,135,250,33750,7
768,Paloma,Farias,26/05/1991,Curitiba,Sapato,13/08/2018,95,300,28500,8
769,Elizeu,Barros,05/04/1993,Porto Alegre,Casaco,13/08/2018,100,110,11000,8
770,Joyce,Ribas,17/12/1986,Brasilia,Chinelo,13/08/2018,26,75,1950,8
771,Jucelia,Bailly,19/01/1985,Sao Paulo,Bermuda,13/08/2018,35,55,1925,8
772,Joyce,Ribas,27/02/1986,Sao Paulo,Vestido,13/08/2018,21,75,1575,8
916,Andrew,Carvalhal,09/03/1986,Rio de Janeiro,Vestido,13/09/2018,50,25,1250,9
917,Emanuella,Fialho,26/08/1990,Fortaleza,Sapato,13/09/2018,10,25,250,9
915,Maryanna,Correa,24/03/1985,Brasilia,Casaco,13/09/2018,46,250,11500,9
914,Tayna,Coimbra,07/08/1992,Fortaleza,Vestido,13/09/2018,131,200,26200,9
913,Paloma,Farias,08/10/1992,Sao Paulo,Sapato,13/09/2018,127,230,29210,9
1060,Eduarda,Figueiredo,01/12/1989,Sao Paulo,Sapato,13/11/2018,49,300,14700,11
1061,Emanuella,Fialho,26/09/1990,Brasilia,Vestido,13/11/2018,105,110,11550,11
1059,Andrew,Carvalhal,09/11/1990,Sao Paulo,Casaco,13/11/2018,95,200,19000,11
1063,Maryanna,Correa,11/05/1990,Curitiba,Casaco,13/11/2018,9,85,765,11
1062,Andrew,Carvalhal,21/10/1992,Curitiba,Sandalia,13/11/2018,101,25,2525,11
1193,Emanuella,Fialho,17/04/1990,Fortaleza,Short,13/12/2018,115,55,6325,12
1192,Joyce,Ribas,13/08/1985,Brasilia,Sapato,13/12/2018,125,55,6875,12
1191,Emanuella,Fialho,27/06/1992,Fortaleza,Camiseta,13/12/2018,66,250,16500,12
42,Elizeu,Barros,14/01/1991,Rio de Janeiro,Saia,14/01/2018,89,250,22250,1
43,Joyce,Ribas,06/11/1988,Curitiba,Vestido,14/01/2018,83,150,12450,1
44,Patricia,Camara,21/10/1986,Curitiba,Sapato,14/01/2018,35,110,3850,1
45,Paloma,Farias,20/09/1989,Brasilia,Vestido,14/01/2018,14,190,2660,1
121,Paloma,Farias,11/10/1992,Sao Paulo,Sapato,14/02/2018,131,75,9825,2
120,Joyce,Ribas,06/09/1985,Curitiba,Camiseta,14/02/2018,65,200,13000,2
119,Breno,Amaral,09/03/1991,Curitiba,Sapato,14/02/2018,101,300,30300,2
122,Elizeu,Barros,05/11/1991,Salvador,Vestido,14/02/2018,57,85,4845,2
245,Patricia,Camara,15/09/1989,Fortaleza,Casaco,14/03/2018,13,300,3900,3
246,Emanuella,Fialho,29/04/1991,Salvador,Vestido,14/03/2018,47,55,2585,3
244,Emanuella,Fialho,25/10/1993,Salvador,Tenis,14/03/2018,146,30,4380,3
243,Patricia,Camara,30/03/1988,Fortaleza,Casaco,14/03/2018,148,30,4440,3
242,Eduarda,Figueiredo,05/04/1987,Sao Paulo,Camiseta,14/03/2018,32,150,4800,3
391,Joyce,Ribas,25/10/1990,Porto Alegre,Jaqueta,14/04/2018,150,250,37500,4
394,Joyce,Ribas,22/03/1992,Fortaleza,Vestido,14/04/2018,76,230,17480,4
393,Maryanna,Correa,02/12/1988,Rio de Janeiro,Vestido,14/04/2018,89,230,20470,4
392,Paloma,Farias,13/12/1988,Sao Paulo,Sapato,14/04/2018,142,150,21300,4
395,Izabel,Milagre,09/10/1987,Rio de Janeiro,Vestido,14/04/2018,85,190,16150,4
396,Maryanna,Correa,05/04/1993,Salvador,Casaco,14/04/2018,64,110,7040,4
397,Andrew,Carvalhal,30/08/1991,Porto Alegre,Sapato,14/04/2018,62,110,6820,4
398,Elizeu,Barros,31/12/1988,Fortaleza,Sapato,14/04/2018,21,300,6300,4
399,Eduarda,Figueiredo,15/02/1986,Salvador,Casaco,14/04/2018,13,85,1105,4
536,Maryanna,Correa,22/01/1986,Rio de Janeiro,Short,14/06/2018,109,190,20710,6
537,Joyce,Ribas,30/05/1988,Porto Alegre,Chinelo,14/06/2018,63,250,15750,6
538,Maryanna,Correa,21/04/1991,Porto Alegre,Chinelo,14/06/2018,48,300,14400,6
539,Andrew,Carvalhal,22/10/1986,Fortaleza,Chinelo,14/06/2018,54,200,10800,6
540,Maryanna,Correa,22/09/1990,Brasilia,Casaco,14/06/2018,60,150,9000,6
541,Patricia,Camara,29/06/1991,Porto Alegre,Casaco,14/06/2018,79,85,6715,6
542,Patricia,Camara,20/01/1985,Salvador,Vestido,14/06/2018,4,25,100,6
682,Maryanna,Correa,15/06/1991,Curitiba,Saia,14/07/2018,15,230,3450,7
676,Maryanna,Correa,13/01/1992,Porto Alegre,Camiseta,14/07/2018,117,110,12870,7
677,Joyce,Ribas,28/11/1990,Porto Alegre,Saia,14/07/2018,47,230,10810,7
678,Maryanna,Correa,14/01/1990,Sao Paulo,Casaco,14/07/2018,61,150,9150,7
679,Joyce,Ribas,21/08/1991,Porto Alegre,Chinelo,14/07/2018,107,85,9095,7
675,Andrew,Carvalhal,13/02/1990,Curitiba,Bermuda,14/07/2018,58,300,17400,7
680,Breno,Amaral,31/08/1988,Sao Paulo,Vestido,14/07/2018,58,110,6380,7
681,Emanuella,Fialho,27/11/1993,Salvador,Vestido,14/07/2018,65,85,5525,7
683,Patricia,Camara,05/04/1990,Brasilia,Sapato,14/07/2018,27,55,1485,7
674,Elizeu,Barros,27/09/1985,Rio de Janeiro,Casaco,14/07/2018,133,250,33250,7
773,Joyce,Ribas,03/11/1988,Sao Paulo,Chinelo,14/08/2018,109,150,16350,8
774,Joyce,Ribas,20/04/1989,Curitiba,Vestido,14/08/2018,130,85,11050,8
775,Iago,Bensdorp,16/09/1991,Fortaleza,Sandalia,14/08/2018,73,110,8030,8
918,Tayna,Coimbra,30/04/1989,Curitiba,Chinelo,14/09/2018,147,190,27930,9
919,Breno,Amaral,18/04/1991,Curitiba,Casaco,14/09/2018,86,150,12900,9
1068,Eduarda,Figueiredo,08/08/1988,Fortaleza,Camiseta,14/11/2018,18,110,1980,11
1067,Joyce,Ribas,25/05/1988,Salvador,Casaco,14/11/2018,27,75,2025,11
1066,Breno,Amaral,06/11/1991,Porto Alegre,Saia,14/11/2018,35,250,8750,11
1065,Andrew,Carvalhal,08/06/1987,Rio de Janeiro,Sapato,14/11/2018,54,190,10260,11
1064,Andrew,Carvalhal,30/12/1985,Rio de Janeiro,Saia,14/11/2018,140,150,21000,11
1194,Breno,Amaral,24/12/1992,Sao Paulo,Vestido,14/12/2018,134,230,30820,12
1201,Jucelia,Bailly,01/07/1988,Fortaleza,Vestido,14/12/2018,56,30,1680,12
1195,Andrew,Carvalhal,12/11/1991,Sao Paulo,Saia,14/12/2018,146,200,29200,12
1196,NatÃ¡lia,Huon,05/04/1992,Sao Paulo,Jaqueta,14/12/2018,112,150,16800,12
1199,Patricia,Camara,30/09/1992,Porto Alegre,Saia,14/12/2018,104,85,8840,12
1198,Jucelia,Bailly,09/09/1987,Porto Alegre,Sapato,14/12/2018,31,300,9300,12
1200,Elizeu,Barros,03/05/1992,Fortaleza,Vestido,14/12/2018,119,25,2975,12
1197,NatÃ¡lia,Huon,21/07/1986,Porto Alegre,Casaco,14/12/2018,146,110,16060,12
50,Andrew,Carvalhal,09/01/1993,Sao Paulo,Bermuda,15/01/2018,73,25,1825,1
49,Elizeu,Barros,26/03/1986,Fortaleza,Sapato,15/01/2018,11,200,2200,1
48,Eduarda,Figueiredo,30/04/1989,Fortaleza,Saia,15/01/2018,64,85,5440,1
47,NatÃ¡lia,Huon,09/11/1985,Rio de Janeiro,Jaqueta,15/01/2018,98,250,24500,1
46,Breno,Amaral,19/12/1985,Rio de Janeiro,Sapato,15/01/2018,139,190,26410,1
129,Jucelia,Bailly,29/04/1989,Porto Alegre,Sapato,15/02/2018,150,25,3750,2
128,Izabel,Milagre,28/10/1992,Salvador,Sapato,15/02/2018,98,55,5390,2
126,Maryanna,Correa,27/01/1992,Porto Alegre,Sandalia,15/02/2018,98,190,18620,2
125,Juliane,Felipi,16/11/1985,Porto Alegre,Vestido,15/02/2018,120,250,30000,2
124,Breno,Amaral,03/11/1988,Fortaleza,Jaqueta,15/02/2018,139,230,31970,2
123,Paloma,Farias,15/07/1993,Porto Alegre,Saia,15/02/2018,143,230,32890,2
127,Jucelia,Bailly,06/05/1985,Salvador,Jaqueta,15/02/2018,43,300,12900,2
251,NatÃ¡lia,Huon,01/02/1991,Porto Alegre,Sapato,15/03/2018,43,25,1075,3
247,Paloma,Farias,05/12/1993,Porto Alegre,Casaco,15/03/2018,70,230,16100,3
248,Breno,Amaral,14/05/1986,Fortaleza,Vestido,15/03/2018,97,85,8245,3
249,Breno,Amaral,06/10/1985,Rio de Janeiro,Casaco,15/03/2018,28,55,1540,3
250,Tayna,Coimbra,09/12/1986,Brasilia,Casaco,15/03/2018,16,75,1200,3
252,Patricia,Camara,24/11/1989,Porto Alegre,Sapato,15/03/2018,3,85,255,3
400,Iago,Bensdorp,04/01/1987,Fortaleza,Vestido,15/04/2018,143,250,35750,4
401,Andrew,Carvalhal,11/09/1991,Fortaleza,Casaco,15/04/2018,105,200,21000,4
402,Eduarda,Figueiredo,03/04/1990,Sao Paulo,Sandalia,15/04/2018,93,55,5115,4
403,Emanuella,Fialho,11/09/1993,Rio de Janeiro,Vestido,15/04/2018,6,250,1500,4
544,Joyce,Ribas,30/09/1989,Sao Paulo,Bermuda,15/06/2018,20,30,600,6
543,Jucelia,Bailly,30/09/1989,Porto Alegre,Casaco,15/06/2018,141,300,42300,6
687,NatÃ¡lia,Huon,07/06/1987,Salvador,Saia,15/07/2018,16,25,400,7
686,Tayna,Coimbra,20/04/1988,Curitiba,Jaqueta,15/07/2018,86,30,2580,7
685,Eduarda,Figueiredo,26/11/1992,Salvador,Casaco,15/07/2018,20,150,3000,7
684,Juliane,Felipi,29/10/1988,Brasilia,Sapato,15/07/2018,102,230,23460,7
776,Juliane,Felipi,07/09/1990,Curitiba,Sapato,15/08/2018,150,250,37500,8
777,Izabel,Milagre,31/03/1992,Porto Alegre,Sapato,15/08/2018,133,230,30590,8
779,Iago,Bensdorp,26/06/1991,Porto Alegre,Camiseta,15/08/2018,64,85,5440,8
778,Elizeu,Barros,21/11/1987,Sao Paulo,Sapato,15/08/2018,57,150,8550,8
922,Joyce,Ribas,28/02/1990,Porto Alegre,Casaco,15/09/2018,135,190,25650,9
929,Tayna,Coimbra,24/09/1992,Fortaleza,Sandalia,15/09/2018,10,190,1900,9
928,Breno,Amaral,19/12/1991,Curitiba,Vestido,15/09/2018,44,55,2420,9
921,Iago,Bensdorp,06/04/1985,Curitiba,Pulseira,15/09/2018,136,230,31280,9
923,NatÃ¡lia,Huon,25/04/1992,Salvador,Sandalia,15/09/2018,104,230,23920,9
924,Eduarda,Figueiredo,13/03/1989,Salvador,Chinelo,15/09/2018,115,200,23000,9
925,Maryanna,Correa,24/10/1985,Rio de Janeiro,Vestido,15/09/2018,110,75,8250,9
926,Breno,Amaral,09/06/1993,Curitiba,Vestido,15/09/2018,78,55,4290,9
920,Iago,Bensdorp,01/12/1990,Rio de Janeiro,Vestido,15/09/2018,149,300,44700,9
927,Patricia,Camara,12/02/1992,Porto Alegre,Vestido,15/09/2018,104,25,2600,9
1071,Iago,Bensdorp,22/05/1992,Brasilia,Casaco,15/11/2018,81,75,6075,11
1070,Eduarda,Figueiredo,17/10/1985,Salvador,Sandalia,15/11/2018,144,150,21600,11
1069,Andrew,Carvalhal,21/07/1988,Salvador,Vestido,15/11/2018,97,300,29100,11
1072,Izabel,Milagre,07/08/1989,Porto Alegre,Casaco,15/11/2018,22,85,1870,11
1212,Eduarda,Figueiredo,27/12/1992,Brasilia,Casaco,15/12/2018,15,25,375,12
1211,Emanuella,Fialho,03/03/1987,Salvador,Vestido,15/12/2018,10,85,850,12
1210,Jucelia,Bailly,17/06/1985,Rio de Janeiro,Sapato,15/12/2018,78,30,2340,12
1207,Patricia,Camara,20/04/1985,Sao Paulo,Vestido,15/12/2018,148,25,3700,12
1208,Breno,Amaral,29/01/1988,Rio de Janeiro,Saia,15/12/2018,37,75,2775,12
1202,Juliane,Felipi,14/09/1987,Brasilia,Tenis,15/12/2018,96,300,28800,12
1203,Elizeu,Barros,14/06/1985,Rio de Janeiro,Casaco,15/12/2018,137,200,27400,12
1204,Andrew,Carvalhal,16/06/1987,Rio de Janeiro,Vestido,15/12/2018,116,110,12760,12
1205,Jucelia,Bailly,13/03/1992,Curitiba,Tenis,15/12/2018,26,230,5980,12
1206,Elizeu,Barros,29/10/1987,Brasilia,Sapato,15/12/2018,56,75,4200,12
1209,Patricia,Camara,11/10/1985,Porto Alegre,Vestido,15/12/2018,92,30,2760,12
57,Tayna,Coimbra,14/01/1992,Fortaleza,Sapato,16/01/2018,15,150,2250,1
51,Izabel,Milagre,27/11/1985,Sao Paulo,Camiseta,16/01/2018,128,250,32000,1
52,Andrew,Carvalhal,10/09/1987,Curitiba,Casaco,16/01/2018,148,200,29600,1
54,Eduarda,Figueiredo,19/06/1988,Porto Alegre,Vestido,16/01/2018,85,190,16150,1
53,Andrew,Carvalhal,29/06/1987,Rio de Janeiro,Casaco,16/01/2018,142,190,26980,1
56,Eduarda,Figueiredo,24/08/1985,Brasilia,Sapato,16/01/2018,79,30,2370,1
55,Joyce,Ribas,13/03/1986,Sao Paulo,Sandalia,16/01/2018,85,30,2550,1
130,Izabel,Milagre,03/10/1986,Porto Alegre,Sandalia,16/02/2018,76,250,19000,2
255,Eduarda,Figueiredo,17/08/1986,Porto Alegre,Short,16/03/2018,9,110,990,3
254,Iago,Bensdorp,30/07/1989,Sao Paulo,Saia,16/03/2018,54,110,5940,3
253,Patricia,Camara,18/12/1993,Fortaleza,Saia,16/03/2018,51,200,10200,3
406,Elizeu,Barros,31/07/1988,Salvador,Casaco,16/04/2018,80,30,2400,4
405,Juliane,Felipi,28/11/1993,Salvador,Sapato,16/04/2018,33,85,2805,4
407,Elizeu,Barros,25/07/1986,Curitiba,Chinelo,16/04/2018,18,110,1980,4
404,Juliane,Felipi,23/05/1993,Curitiba,Vestido,16/04/2018,137,300,41100,4
546,Tayna,Coimbra,13/01/1986,Porto Alegre,Camiseta,16/06/2018,122,250,30500,6
545,Iago,Bensdorp,12/02/1992,Rio de Janeiro,Chinelo,16/06/2018,123,300,36900,6
691,Joyce,Ribas,01/06/1985,Rio de Janeiro,Camiseta,16/07/2018,40,30,1200,7
692,Paloma,Farias,11/07/1988,Salvador,Chinelo,16/07/2018,6,25,150,7
688,Elizeu,Barros,15/12/1985,Curitiba,Vestido,16/07/2018,145,250,36250,7
690,Juliane,Felipi,02/08/1993,Sao Paulo,Sapato,16/07/2018,107,25,2675,7
689,Maryanna,Correa,09/07/1991,Rio de Janeiro,Camiseta,16/07/2018,54,190,10260,7
782,Andrew,Carvalhal,06/01/1987,Porto Alegre,Vestido,16/08/2018,46,110,5060,8
781,Patricia,Camara,16/11/1987,Salvador,Saia,16/08/2018,23,300,6900,8
780,NatÃ¡lia,Huon,20/12/1990,Sao Paulo,Casaco,16/08/2018,101,200,20200,8
930,Eduarda,Figueiredo,31/05/1992,Fortaleza,Tenis,16/09/2018,12,55,660,9
931,Juliane,Felipi,05/07/1993,Curitiba,Bermuda,16/09/2018,18,25,450,9
1073,Elizeu,Barros,20/05/1987,Fortaleza,Camiseta,16/11/2018,136,150,20400,11
1074,Eduarda,Figueiredo,21/02/1988,Rio de Janeiro,Sapato,16/11/2018,104,150,15600,11
1078,Joyce,Ribas,03/04/1989,Porto Alegre,Camiseta,16/11/2018,123,30,3690,11
1077,Breno,Amaral,13/08/1989,Brasilia,Short,16/11/2018,86,55,4730,11
1076,Emanuella,Fialho,02/07/1985,Sao Paulo,Vestido,16/11/2018,16,300,4800,11
1075,Elizeu,Barros,25/06/1992,Rio de Janeiro,Vestido,16/11/2018,149,75,11175,11
1217,NatÃ¡lia,Huon,06/05/1985,Brasilia,Sapato,16/12/2018,30,30,900,12
1216,Elizeu,Barros,03/02/1989,Brasilia,Tenis,16/12/2018,21,230,4830,12
1215,Maryanna,Correa,17/10/1992,Fortaleza,Vestido,16/12/2018,89,110,9790,12
1214,Eduarda,Figueiredo,20/12/1993,Fortaleza,Casaco,16/12/2018,67,230,15410,12
1213,NatÃ¡lia,Huon,31/08/1988,Brasilia,Jaqueta,16/12/2018,107,300,32100,12
61,Izabel,Milagre,07/03/1986,Curitiba,Sapato,17/01/2018,12,300,3600,1
60,Maryanna,Correa,08/10/1989,Curitiba,Casaco,17/01/2018,86,55,4730,1
59,Paloma,Farias,12/02/1991,Porto Alegre,Camiseta,17/01/2018,109,150,16350,1
58,Eduarda,Figueiredo,10/03/1986,Porto Alegre,Sapato,17/01/2018,115,250,28750,1
135,Tayna,Coimbra,19/08/1993,Salvador,Sapato,17/02/2018,6,110,660,2
134,Iago,Bensdorp,06/07/1985,Rio de Janeiro,Tenis,17/02/2018,110,25,2750,2
131,Paloma,Farias,10/05/1993,Brasilia,Bermuda,17/02/2018,108,200,21600,2
132,Paloma,Farias,01/05/1988,Curitiba,Casaco,17/02/2018,72,150,10800,2
133,Maryanna,Correa,09/11/1987,Sao Paulo,Bermuda,17/02/2018,34,300,10200,2
258,Joyce,Ribas,28/03/1993,Curitiba,Casaco,17/03/2018,125,150,18750,3
259,Joyce,Ribas,28/02/1992,Curitiba,Pulseira,17/03/2018,93,85,7905,3
260,Maryanna,Correa,13/08/1988,Porto Alegre,Sandalia,17/03/2018,49,150,7350,3
257,Elizeu,Barros,29/12/1990,Sao Paulo,Vestido,17/03/2018,117,230,26910,3
256,Tayna,Coimbra,08/08/1993,Fortaleza,Saia,17/03/2018,126,230,28980,3
412,Patricia,Camara,16/02/1985,Porto Alegre,Jaqueta,17/04/2018,6,150,900,4
408,Izabel,Milagre,16/07/1986,Salvador,Sapato,17/04/2018,137,250,34250,4
409,Juliane,Felipi,13/01/1992,Salvador,Casaco,17/04/2018,123,200,24600,4
410,Elizeu,Barros,25/08/1993,Brasilia,Casaco,17/04/2018,43,300,12900,4
411,Elizeu,Barros,21/07/1986,Curitiba,Sapato,17/04/2018,19,75,1425,4
547,Paloma,Farias,30/03/1990,Brasilia,Sapato,17/06/2018,128,230,29440,6
548,Eduarda,Figueiredo,29/06/1989,Curitiba,Sandalia,17/06/2018,68,190,12920,6
549,Elizeu,Barros,12/01/1989,Rio de Janeiro,Saia,17/06/2018,68,85,5780,6
550,Joyce,Ribas,27/05/1991,Porto Alegre,Sapato,17/06/2018,16,30,480,6
698,Emanuella,Fialho,19/08/1993,Brasilia,Casaco,17/07/2018,1,85,85,7
697,Emanuella,Fialho,22/07/1987,Brasilia,Vestido,17/07/2018,10,55,550,7
696,Patricia,Camara,30/06/1991,Salvador,Camiseta,17/07/2018,66,25,1650,7
695,Maryanna,Correa,14/01/1991,Salvador,Casaco,17/07/2018,137,25,3425,7
694,Andrew,Carvalhal,03/06/1990,Porto Alegre,Sandalia,17/07/2018,32,300,9600,7
693,Maryanna,Correa,13/09/1988,Salvador,Saia,17/07/2018,51,230,11730,7
785,Joyce,Ribas,02/07/1989,Salvador,Camiseta,17/08/2018,18,25,450,8
784,Andrew,Carvalhal,11/01/1993,Salvador,Saia,17/08/2018,11,200,2200,8
783,Joyce,Ribas,13/06/1988,Curitiba,Casaco,17/08/2018,47,190,8930,8
934,Eduarda,Figueiredo,07/09/1990,Brasilia,Camiseta,17/09/2018,23,55,1265,9
933,Elizeu,Barros,20/01/1990,Sao Paulo,Short,17/09/2018,137,25,3425,9
932,Juliane,Felipi,11/05/1990,Sao Paulo,Vestido,17/09/2018,69,300,20700,9
1219,Andrew,Carvalhal,13/12/1990,Porto Alegre,Tenis,17/12/2018,25,300,7500,12
1218,Elizeu,Barros,18/08/1990,Fortaleza,Vestido,17/12/2018,118,300,35400,12
1221,Breno,Amaral,03/08/1993,Rio de Janeiro,Sapato,17/12/2018,15,110,1650,12
1220,Joyce,Ribas,11/04/1991,Curitiba,Sapato,17/12/2018,39,190,7410,12
62,Maryanna,Correa,31/10/1990,Rio de Janeiro,Casaco,18/01/2018,80,200,16000,1
140,NatÃ¡lia,Huon,12/11/1993,Curitiba,Vestido,18/02/2018,4,85,340,2
139,Paloma,Farias,03/08/1992,Curitiba,Sapato,18/02/2018,67,75,5025,2
138,Maryanna,Correa,10/12/1990,Curitiba,Chinelo,18/02/2018,69,75,5175,2
137,Elizeu,Barros,26/12/1989,Fortaleza,Short,18/02/2018,148,150,22200,2
136,Breno,Amaral,22/06/1990,Brasilia,Sandalia,18/02/2018,150,230,34500,2
263,Emanuella,Fialho,23/02/1988,Sao Paulo,Sapato,18/03/2018,122,110,13420,3
264,Izabel,Milagre,02/02/1989,Curitiba,Vestido,18/03/2018,138,85,11730,3
261,Paloma,Farias,23/10/1986,Rio de Janeiro,Casaco,18/03/2018,107,300,32100,3
262,Elizeu,Barros,06/11/1993,Brasilia,Sapato,18/03/2018,121,250,30250,3
416,Patricia,Camara,21/06/1986,Brasilia,Vestido,18/04/2018,20,55,1100,4
415,Andrew,Carvalhal,18/09/1993,Fortaleza,Sapato,18/04/2018,89,55,4895,4
414,Jucelia,Bailly,05/09/1987,Sao Paulo,Sapato,18/04/2018,80,85,6800,4
413,Elizeu,Barros,25/08/1985,Rio de Janeiro,Sapato,18/04/2018,100,190,19000,4
417,Juliane,Felipi,22/03/1985,Curitiba,Camiseta,18/04/2018,19,55,1045,4
418,Tayna,Coimbra,13/11/1987,Salvador,Vestido,18/04/2018,11,30,330,4
551,Iago,Bensdorp,28/03/1992,Porto Alegre,Jaqueta,18/06/2018,119,300,35700,6
552,Iago,Bensdorp,15/05/1990,Fortaleza,Camiseta,18/06/2018,82,230,18860,6
553,Eduarda,Figueiredo,15/07/1989,Porto Alegre,Tenis,18/06/2018,44,230,10120,6
554,Maryanna,Correa,19/04/1989,Salvador,Vestido,18/06/2018,20,190,3800,6
555,Eduarda,Figueiredo,07/03/1987,Porto Alegre,Pulseira,18/06/2018,36,75,2700,6
556,Maryanna,Correa,13/11/1993,Curitiba,Camiseta,18/06/2018,24,85,2040,6
705,Breno,Amaral,27/10/1988,Porto Alegre,Casaco,18/07/2018,4,55,220,7
703,Eduarda,Figueiredo,27/04/1990,Sao Paulo,Casaco,18/07/2018,134,55,7370,7
702,Joyce,Ribas,03/06/1987,Rio de Janeiro,Vestido,18/07/2018,78,110,8580,7
701,Eduarda,Figueiredo,13/10/1985,Sao Paulo,Tenis,18/07/2018,65,150,9750,7
704,Tayna,Coimbra,29/12/1993,Fortaleza,Sapato,18/07/2018,3,230,690,7
700,Paloma,Farias,08/12/1990,Salvador,Casaco,18/07/2018,117,190,22230,7
699,Juliane,Felipi,04/08/1993,Salvador,Vestido,18/07/2018,97,230,22310,7
787,Patricia,Camara,23/07/1985,Porto Alegre,Saia,18/08/2018,104,30,3120,8
788,Jucelia,Bailly,30/04/1992,Porto Alegre,Sapato,18/08/2018,28,30,840,8
786,Eduarda,Figueiredo,22/11/1992,Fortaleza,Vestido,18/08/2018,87,55,4785,8
938,NatÃ¡lia,Huon,19/04/1989,Curitiba,Vestido,18/09/2018,4,230,920,9
935,Andrew,Carvalhal,25/08/1992,Fortaleza,Sandalia,18/09/2018,73,75,5475,9
936,Maryanna,Correa,04/08/1988,Rio de Janeiro,Sandalia,18/09/2018,89,55,4895,9
937,Izabel,Milagre,30/05/1986,Salvador,Vestido,18/09/2018,73,30,2190,9
1080,Eduarda,Figueiredo,13/03/1987,Salvador,Casaco,18/11/2018,140,190,26600,11
1081,Joyce,Ribas,20/12/1985,Salvador,Sapato,18/11/2018,99,55,5445,11
1079,Breno,Amaral,17/09/1992,Curitiba,Camiseta,18/11/2018,137,250,34250,11
1082,Elizeu,Barros,17/09/1993,Porto Alegre,Vestido,18/11/2018,132,25,3300,11
1083,Iago,Bensdorp,16/08/1986,Curitiba,Pulseira,18/11/2018,55,25,1375,11
1084,Emanuella,Fialho,08/09/1992,Brasilia,Casaco,18/11/2018,14,25,350,11
1224,Izabel,Milagre,13/06/1992,Porto Alegre,Casaco,18/12/2018,141,30,4230,12
1223,Joyce,Ribas,24/01/1992,Brasilia,Casaco,18/12/2018,39,190,7410,12
1222,Jucelia,Bailly,31/12/1987,Sao Paulo,Sapato,18/12/2018,138,300,41400,12
64,Patricia,Camara,18/04/1985,Brasilia,Casaco,19/01/2018,95,150,14250,1
65,Emanuella,Fialho,24/06/1991,Curitiba,Vestido,19/01/2018,10,230,2300,1
63,Jucelia,Bailly,15/03/1985,Rio de Janeiro,Tenis,19/01/2018,123,150,18450,1
144,Izabel,Milagre,24/04/1990,Salvador,Sandalia,19/02/2018,118,25,2950,2
145,Joyce,Ribas,01/07/1988,Porto Alegre,Pulseira,19/02/2018,27,75,2025,2
142,Maryanna,Correa,19/08/1993,Salvador,Vestido,19/02/2018,56,200,11200,2
146,Elizeu,Barros,23/09/1991,Rio de Janeiro,Pulseira,19/02/2018,6,250,1500,2
143,Eduarda,Figueiredo,31/05/1993,Brasilia,Casaco,19/02/2018,69,85,5865,2
148,Juliane,Felipi,08/04/1989,Rio de Janeiro,Short,19/02/2018,4,75,300,2
141,Elizeu,Barros,27/07/1985,Salvador,Saia,19/02/2018,123,200,24600,2
147,NatÃ¡lia,Huon,10/08/1986,Curitiba,Vestido,19/02/2018,15,85,1275,2
265,Tayna,Coimbra,09/03/1989,Rio de Janeiro,Chinelo,19/03/2018,79,300,23700,3
266,Iago,Bensdorp,17/02/1985,Brasilia,Jaqueta,19/03/2018,88,75,6600,3
267,Andrew,Carvalhal,09/10/1988,Brasilia,Camiseta,19/03/2018,56,110,6160,3
419,Elizeu,Barros,26/06/1988,Rio de Janeiro,Vestido,19/04/2018,98,150,14700,4
420,Maryanna,Correa,13/04/1990,Porto Alegre,Casaco,19/04/2018,52,55,2860,4
421,Patricia,Camara,06/07/1985,Porto Alegre,Casaco,19/04/2018,35,55,1925,4
422,Jucelia,Bailly,02/12/1993,Sao Paulo,Vestido,19/04/2018,1,30,30,4
559,Maryanna,Correa,24/03/1993,Sao Paulo,Chinelo,19/06/2018,117,85,9945,6
563,Maryanna,Correa,27/02/1985,Porto Alegre,Short,19/06/2018,132,25,3300,6
567,Andrew,Carvalhal,01/01/1989,Brasilia,Saia,19/06/2018,47,30,1410,6
558,Joyce,Ribas,21/05/1992,Sao Paulo,Camiseta,19/06/2018,141,75,10575,6
557,NatÃ¡lia,Huon,07/11/1989,Porto Alegre,Vestido,19/06/2018,118,190,22420,6
560,Eduarda,Figueiredo,07/11/1990,Salvador,Vestido,19/06/2018,38,150,5700,6
566,Iago,Bensdorp,17/07/1992,Curitiba,Camiseta,19/06/2018,64,25,1600,6
565,Iago,Bensdorp,01/07/1990,Curitiba,Tenis,19/06/2018,67,30,2010,6
561,Breno,Amaral,15/01/1987,Salvador,Sapato,19/06/2018,14,300,4200,6
564,Iago,Bensdorp,19/06/1985,Porto Alegre,Camiseta,19/06/2018,38,85,3230,6
562,Breno,Amaral,13/03/1986,Fortaleza,Bermuda,19/06/2018,45,75,3375,6
710,Joyce,Ribas,18/06/1991,Brasilia,Sapato,19/07/2018,12,230,2760,7
709,Paloma,Farias,19/01/1990,Sao Paulo,Casaco,19/07/2018,34,85,2890,7
706,Elizeu,Barros,24/05/1991,Rio de Janeiro,Pulseira,19/07/2018,119,250,29750,7
707,Emanuella,Fialho,02/03/1985,Fortaleza,Vestido,19/07/2018,27,200,5400,7
708,Juliane,Felipi,27/07/1986,Sao Paulo,Saia,19/07/2018,143,25,3575,7
792,Joyce,Ribas,02/04/1985,Fortaleza,Saia,19/08/2018,93,75,6975,8
793,Andrew,Carvalhal,24/11/1986,Rio de Janeiro,Camiseta,19/08/2018,73,55,4015,8
789,Elizeu,Barros,04/07/1987,Salvador,Camiseta,19/08/2018,144,230,33120,8
790,Iago,Bensdorp,03/10/1992,Brasilia,Sandalia,19/08/2018,101,200,20200,8
791,Patricia,Camara,20/03/1985,Curitiba,Vestido,19/08/2018,60,200,12000,8
794,Jucelia,Bailly,19/04/1988,Brasilia,Sapato,19/08/2018,38,75,2850,8
795,Elizeu,Barros,03/12/1988,Curitiba,Sapato,19/08/2018,19,85,1615,8
939,Paloma,Farias,27/05/1986,Brasilia,Sapato,19/09/2018,135,230,31050,9
940,Patricia,Camara,02/03/1993,Sao Paulo,Camiseta,19/09/2018,96,110,10560,9
941,Izabel,Milagre,01/07/1993,Brasilia,Vestido,19/09/2018,95,85,8075,9
942,Jucelia,Bailly,14/05/1985,Brasilia,Sapato,19/09/2018,61,85,5185,9
943,Paloma,Farias,03/06/1985,Porto Alegre,Jaqueta,19/09/2018,54,55,2970,9
944,Patricia,Camara,26/12/1993,Salvador,Pulseira,19/09/2018,22,110,2420,9
945,Maryanna,Correa,03/11/1986,Fortaleza,Vestido,19/09/2018,4,110,440,9
1088,Emanuella,Fialho,27/09/1992,Rio de Janeiro,Casaco,19/11/2018,48,55,2640,11
1086,Jucelia,Bailly,09/07/1991,Fortaleza,Tenis,19/11/2018,72,85,6120,11
1085,Maryanna,Correa,30/09/1991,Porto Alegre,Saia,19/11/2018,86,190,16340,11
1087,Patricia,Camara,04/04/1986,Curitiba,Vestido,19/11/2018,65,75,4875,11
1226,Patricia,Camara,01/06/1990,Brasilia,Casaco,19/12/2018,144,110,15840,12
1228,Paloma,Farias,17/07/1990,Rio de Janeiro,Saia,19/12/2018,16,190,3040,12
1227,Elizeu,Barros,03/01/1991,Curitiba,Vestido,19/12/2018,81,110,8910,12
1225,Paloma,Farias,10/10/1987,Brasilia,Tenis,19/12/2018,129,190,24510,12
66,Izabel,Milagre,11/05/1991,Fortaleza,Casaco,20/01/2018,68,30,2040,1
268,Jucelia,Bailly,23/11/1993,Fortaleza,Casaco,20/03/2018,111,110,12210,3
269,Joyce,Ribas,02/02/1988,Brasilia,Casaco,20/03/2018,67,110,7370,3
270,Eduarda,Figueiredo,30/10/1988,Rio de Janeiro,Vestido,20/03/2018,47,75,3525,3
271,Andrew,Carvalhal,01/08/1986,Curitiba,Casaco,20/03/2018,127,25,3175,3
272,Maryanna,Correa,05/10/1987,Salvador,Camiseta,20/03/2018,6,85,510,3
426,Breno,Amaral,24/07/1989,Fortaleza,Sapato,20/04/2018,88,30,2640,4
425,Izabel,Milagre,16/06/1992,Fortaleza,Pulseira,20/04/2018,72,110,7920,4
423,Elizeu,Barros,13/03/1987,Curitiba,Vestido,20/04/2018,143,190,27170,4
424,Eduarda,Figueiredo,17/09/1992,Rio de Janeiro,Chinelo,20/04/2018,95,85,8075,4
571,Emanuella,Fialho,16/11/1986,Rio de Janeiro,Vestido,20/06/2018,145,25,3625,6
570,NatÃ¡lia,Huon,22/10/1993,Porto Alegre,Vestido,20/06/2018,113,110,12430,6
569,Andrew,Carvalhal,13/08/1985,Fortaleza,Vestido,20/06/2018,95,150,14250,6
568,Paloma,Farias,18/08/1990,Brasilia,Vestido,20/06/2018,95,200,19000,6
711,Maryanna,Correa,05/09/1987,Brasilia,Sandalia,20/07/2018,60,250,15000,7
713,Joyce,Ribas,19/03/1993,Curitiba,Jaqueta,20/07/2018,12,250,3000,7
714,Juliane,Felipi,11/04/1990,Curitiba,Tenis,20/07/2018,62,30,1860,7
712,Maryanna,Correa,30/04/1989,Fortaleza,Jaqueta,20/07/2018,101,30,3030,7
797,Paloma,Farias,07/10/1991,Rio de Janeiro,Chinelo,20/08/2018,33,230,7590,8
796,Elizeu,Barros,29/06/1992,Salvador,Vestido,20/08/2018,72,230,16560,8
798,Joyce,Ribas,09/03/1992,Sao Paulo,Sandalia,20/08/2018,44,55,2420,8
946,Elizeu,Barros,08/08/1985,Salvador,Casaco,20/09/2018,111,200,22200,9
947,Andrew,Carvalhal,27/12/1985,Rio de Janeiro,Casaco,20/09/2018,94,150,14100,9
948,Elizeu,Barros,24/01/1993,Porto Alegre,Sapato,20/09/2018,31,110,3410,9
949,Tayna,Coimbra,09/09/1985,Salvador,Vestido,20/09/2018,16,55,880,9
1089,Jucelia,Bailly,20/10/1987,Porto Alegre,Sapato,20/11/2018,140,200,28000,11
1090,Izabel,Milagre,07/02/1986,Brasilia,Vestido,20/11/2018,81,250,20250,11
1091,Breno,Amaral,18/12/1992,Salvador,Sapato,20/11/2018,88,25,2200,11
1229,Andrew,Carvalhal,16/11/1985,Porto Alegre,Chinelo,20/12/2018,94,110,10340,12
1232,Joyce,Ribas,28/06/1988,Curitiba,Tenis,20/12/2018,121,30,3630,12
1231,Joyce,Ribas,02/12/1993,Rio de Janeiro,Pulseira,20/12/2018,68,55,3740,12
1230,Izabel,Milagre,18/08/1988,Fortaleza,Tenis,20/12/2018,143,30,4290,12
70,Jucelia,Bailly,28/12/1992,Brasilia,Jaqueta,21/01/2018,68,25,1700,1
67,Eduarda,Figueiredo,30/04/1989,Rio de Janeiro,Casaco,21/01/2018,137,75,10275,1
68,Andrew,Carvalhal,08/10/1991,Curitiba,Casaco,21/01/2018,20,250,5000,1
69,Elizeu,Barros,18/12/1988,Porto Alegre,Saia,21/01/2018,10,190,1900,1
71,Andrew,Carvalhal,12/05/1988,Fortaleza,Jaqueta,21/01/2018,36,25,900,1
158,Elizeu,Barros,14/06/1993,Porto Alegre,Vestido,21/02/2018,22,75,1650,2
156,Tayna,Coimbra,26/12/1988,Brasilia,Sandalia,21/02/2018,88,30,2640,2
157,Elizeu,Barros,01/01/1987,Salvador,Sapato,21/02/2018,24,75,1800,2
159,Elizeu,Barros,01/01/1985,Rio de Janeiro,Vestido,21/02/2018,2,300,600,2
149,Juliane,Felipi,29/12/1991,Brasilia,Vestido,21/02/2018,102,250,25500,2
150,Eduarda,Figueiredo,30/01/1989,Curitiba,Sapato,21/02/2018,119,150,17850,2
151,Breno,Amaral,12/02/1993,Rio de Janeiro,Sapato,21/02/2018,150,85,12750,2
154,Izabel,Milagre,22/02/1990,Sao Paulo,Sapato,21/02/2018,15,250,3750,2
155,Breno,Amaral,31/01/1989,Rio de Janeiro,Jaqueta,21/02/2018,29,110,3190,2
152,Iago,Bensdorp,29/03/1993,Sao Paulo,Pulseira,21/02/2018,28,250,7000,2
153,Eduarda,Figueiredo,11/09/1990,Brasilia,Sandalia,21/02/2018,31,200,6200,2
276,Iago,Bensdorp,28/01/1991,Sao Paulo,Short,21/03/2018,104,55,5720,3
277,Patricia,Camara,22/07/1989,Porto Alegre,Camiseta,21/03/2018,37,75,2775,3
274,Emanuella,Fialho,29/09/1988,Curitiba,Casaco,21/03/2018,133,85,11305,3
273,Izabel,Milagre,21/04/1987,Salvador,Pulseira,21/03/2018,80,230,18400,3
275,Breno,Amaral,13/07/1993,Sao Paulo,Casaco,21/03/2018,85,85,7225,3
278,Emanuella,Fialho,15/08/1987,Rio de Janeiro,Sapato,21/03/2018,2,30,60,3
428,Patricia,Camara,30/03/1989,Rio de Janeiro,Sapato,21/04/2018,60,110,6600,4
429,Izabel,Milagre,18/06/1989,Brasilia,Sapato,21/04/2018,99,55,5445,4
430,Breno,Amaral,22/01/1990,Salvador,Vestido,21/04/2018,143,30,4290,4
427,Jucelia,Bailly,23/04/1989,Brasilia,Saia,21/04/2018,36,190,6840,4
573,Paloma,Farias,01/10/1990,Salvador,Tenis,21/06/2018,87,250,21750,6
578,Andrew,Carvalhal,25/01/1986,Sao Paulo,Sapato,21/06/2018,9,150,1350,6
576,Joyce,Ribas,26/07/1992,Porto Alegre,Camiseta,21/06/2018,53,75,3975,6
575,Eduarda,Figueiredo,24/12/1992,Porto Alegre,Sandalia,21/06/2018,89,75,6675,6
574,Joyce,Ribas,18/06/1986,Sao Paulo,Short,21/06/2018,79,85,6715,6
572,Jucelia,Bailly,18/01/1991,Salvador,Sandalia,21/06/2018,141,250,35250,6
577,Paloma,Farias,25/07/1985,Sao Paulo,Casaco,21/06/2018,17,230,3910,6
715,Jucelia,Bailly,14/04/1990,Brasilia,Casaco,21/07/2018,127,75,9525,7
716,Iago,Bensdorp,24/11/1988,Fortaleza,Camiseta,21/07/2018,79,30,2370,7
804,Breno,Amaral,17/02/1988,Porto Alegre,Sapato,21/08/2018,26,55,1430,8
803,Andrew,Carvalhal,23/01/1988,Sao Paulo,Sapato,21/08/2018,66,25,1650,8
802,Eduarda,Figueiredo,05/12/1990,Curitiba,Chinelo,21/08/2018,148,25,3700,8
801,Iago,Bensdorp,07/01/1987,Salvador,Sandalia,21/08/2018,96,150,14400,8
800,Elizeu,Barros,26/05/1987,Sao Paulo,Vestido,21/08/2018,83,230,19090,8
799,NatÃ¡lia,Huon,06/11/1989,Sao Paulo,Sandalia,21/08/2018,85,300,25500,8
950,Tayna,Coimbra,10/08/1987,Fortaleza,Saia,21/09/2018,114,200,22800,9
951,Jucelia,Bailly,09/09/1985,Rio de Janeiro,Chinelo,21/09/2018,80,200,16000,9
958,Andrew,Carvalhal,10/04/1987,Rio de Janeiro,Saia,21/09/2018,11,25,275,9
957,Paloma,Farias,25/06/1988,Porto Alegre,Sapato,21/09/2018,6,150,900,9
956,Juliane,Felipi,11/12/1987,Brasilia,Sapato,21/09/2018,11,190,2090,9
955,Iago,Bensdorp,13/04/1987,Brasilia,Saia,21/09/2018,92,55,5060,9
954,Eduarda,Figueiredo,21/06/1985,Salvador,Sapato,21/09/2018,106,55,5830,9
952,Jucelia,Bailly,09/09/1992,Rio de Janeiro,Camiseta,21/09/2018,136,110,14960,9
953,Maryanna,Correa,06/07/1986,Fortaleza,Camiseta,21/09/2018,62,150,9300,9
1102,Andrew,Carvalhal,17/02/1992,Porto Alegre,Camiseta,21/11/2018,15,55,825,11
1103,Andrew,Carvalhal,05/03/1990,Sao Paulo,Jaqueta,21/11/2018,19,25,475,11
1097,Eduarda,Figueiredo,09/03/1986,Curitiba,Sapato,21/11/2018,41,250,10250,11
1092,Iago,Bensdorp,08/09/1989,Fortaleza,Vestido,21/11/2018,123,250,30750,11
1096,Patricia,Camara,06/08/1992,Fortaleza,Camiseta,21/11/2018,43,300,12900,11
1094,Joyce,Ribas,03/10/1987,Porto Alegre,Vestido,21/11/2018,70,300,21000,11
1098,Jucelia,Bailly,17/05/1991,Rio de Janeiro,Tenis,21/11/2018,134,55,7370,11
1095,Andrew,Carvalhal,10/06/1987,Sao Paulo,Sandalia,21/11/2018,57,230,13110,11
1099,Patricia,Camara,16/12/1989,Salvador,Sapato,21/11/2018,127,30,3810,11
1093,NatÃ¡lia,Huon,30/07/1992,Fortaleza,Vestido,21/11/2018,91,250,22750,11
1100,Iago,Bensdorp,16/07/1988,Curitiba,Camiseta,21/11/2018,53,30,1590,11
1101,Breno,Amaral,25/07/1985,Porto Alegre,Sapato,21/11/2018,15,75,1125,11
1237,Andrew,Carvalhal,23/06/1990,Salvador,Sandalia,21/12/2018,43,55,2365,12
1236,Elizeu,Barros,13/12/1992,Rio de Janeiro,Saia,21/12/2018,20,300,6000,12
1235,Izabel,Milagre,22/10/1987,Fortaleza,Pulseira,21/12/2018,62,250,15500,12
1234,Iago,Bensdorp,07/03/1993,Porto Alegre,Vestido,21/12/2018,103,250,25750,12
1233,Breno,Amaral,26/05/1987,Porto Alegre,Sapato,21/12/2018,138,200,27600,12
1238,Elizeu,Barros,10/07/1988,Brasilia,Vestido,21/12/2018,78,30,2340,12
72,Emanuella,Fialho,11/09/1988,Rio de Janeiro,Casaco,22/01/2018,112,150,16800,1
74,Maryanna,Correa,27/02/1990,Brasilia,Camiseta,22/01/2018,17,30,510,1
73,Iago,Bensdorp,09/02/1985,Curitiba,Vestido,22/01/2018,121,55,6655,1
162,Paloma,Farias,07/11/1992,Brasilia,Saia,22/02/2018,27,230,6210,2
160,NatÃ¡lia,Huon,09/07/1993,Curitiba,Casaco,22/02/2018,77,190,14630,2
161,Maryanna,Correa,20/05/1993,Rio de Janeiro,Camiseta,22/02/2018,129,75,9675,2
282,Elizeu,Barros,27/05/1988,Fortaleza,Casaco,22/03/2018,148,25,3700,3
281,Paloma,Farias,15/11/1989,Rio de Janeiro,Vestido,22/03/2018,134,85,11390,3
280,Joyce,Ribas,15/12/1986,Salvador,Vestido,22/03/2018,90,190,17100,3
279,Elizeu,Barros,09/04/1986,Salvador,Casaco,22/03/2018,145,150,21750,3
584,Eduarda,Figueiredo,19/09/1991,Curitiba,Chinelo,22/06/2018,15,85,1275,6
583,Maryanna,Correa,30/10/1991,Fortaleza,Short,22/06/2018,149,55,8195,6
580,Emanuella,Fialho,02/03/1988,Porto Alegre,Sapato,22/06/2018,70,250,17500,6
582,Joyce,Ribas,09/06/1987,Salvador,Vestido,22/06/2018,51,200,10200,6
579,Jucelia,Bailly,17/02/1991,Porto Alegre,Vestido,22/06/2018,145,200,29000,6
581,Andrew,Carvalhal,08/11/1992,Brasilia,Sapato,22/06/2018,131,85,11135,6
717,Breno,Amaral,10/09/1989,Sao Paulo,Sapato,22/07/2018,141,190,26790,7
718,Izabel,Milagre,05/05/1993,Brasilia,Vestido,22/07/2018,66,75,4950,7
719,Eduarda,Figueiredo,19/11/1991,Porto Alegre,Camiseta,22/07/2018,25,110,2750,7
806,Eduarda,Figueiredo,24/05/1985,Curitiba,Vestido,22/08/2018,24,300,7200,8
805,Izabel,Milagre,05/09/1988,Sao Paulo,Vestido,22/08/2018,73,150,10950,8
959,NatÃ¡lia,Huon,23/11/1986,Porto Alegre,Casaco,22/09/2018,128,300,38400,9
964,Eduarda,Figueiredo,07/08/1989,Fortaleza,Camiseta,22/09/2018,2,230,460,9
962,Patricia,Camara,18/01/1986,Fortaleza,Sapato,22/09/2018,31,230,7130,9
961,Eduarda,Figueiredo,08/08/1991,Salvador,Camiseta,22/09/2018,79,110,8690,9
960,Juliane,Felipi,03/02/1993,Brasilia,Sapato,22/09/2018,92,250,23000,9
963,Emanuella,Fialho,21/08/1985,Curitiba,Sapato,22/09/2018,27,200,5400,9
1104,Andrew,Carvalhal,05/09/1992,Porto Alegre,Casaco,22/11/2018,46,250,11500,11
1105,Patricia,Camara,08/11/1988,Fortaleza,Saia,22/11/2018,115,75,8625,11
1106,Paloma,Farias,12/01/1986,Fortaleza,Saia,22/11/2018,7,55,385,11
1244,Maryanna,Correa,26/01/1991,Curitiba,Jaqueta,22/12/2018,71,30,2130,12
1245,Iago,Bensdorp,10/06/1993,Brasilia,Vestido,22/12/2018,6,190,1140,12
1246,Patricia,Camara,21/11/1990,Curitiba,Bermuda,22/12/2018,43,25,1075,12
1247,Maryanna,Correa,30/09/1988,Salvador,Casaco,22/12/2018,12,25,300,12
1239,Izabel,Milagre,31/10/1988,Brasilia,Camiseta,22/12/2018,109,150,16350,12
1240,Eduarda,Figueiredo,16/12/1986,Salvador,Vestido,22/12/2018,39,200,7800,12
1241,Emanuella,Fialho,23/10/1989,Brasilia,Vestido,22/12/2018,63,75,4725,12
1242,Maryanna,Correa,15/06/1988,Sao Paulo,Sapato,22/12/2018,33,110,3630,12
1243,Maryanna,Correa,13/06/1990,Salvador,Vestido,22/12/2018,45,55,2475,12
80,Iago,Bensdorp,06/04/1987,Brasilia,Camiseta,23/01/2018,2,300,600,1
79,Eduarda,Figueiredo,09/10/1987,Porto Alegre,Pulseira,23/01/2018,64,25,1600,1
77,Maryanna,Correa,10/06/1988,Rio de Janeiro,Vestido,23/01/2018,90,55,4950,1
75,NatÃ¡lia,Huon,13/04/1990,Porto Alegre,Saia,23/01/2018,144,300,43200,1
76,Elizeu,Barros,06/02/1987,Curitiba,Vestido,23/01/2018,130,110,14300,1
78,Eduarda,Figueiredo,20/11/1992,Rio de Janeiro,Short,23/01/2018,22,75,1650,1
165,Izabel,Milagre,09/02/1992,Porto Alegre,Casaco,23/02/2018,42,230,9660,2
164,Jucelia,Bailly,29/09/1986,Fortaleza,Jaqueta,23/02/2018,113,300,33900,2
163,NatÃ¡lia,Huon,12/06/1985,Porto Alegre,Pulseira,23/02/2018,148,230,34040,2
166,Eduarda,Figueiredo,26/07/1989,Rio de Janeiro,Sapato,23/02/2018,74,75,5550,2
167,Eduarda,Figueiredo,23/07/1993,Porto Alegre,Vestido,23/02/2018,93,30,2790,2
284,Eduarda,Figueiredo,20/03/1988,Rio de Janeiro,Camiseta,23/03/2018,42,75,3150,3
285,NatÃ¡lia,Huon,23/11/1985,Porto Alegre,Sapato,23/03/2018,11,55,605,3
286,Andrew,Carvalhal,29/07/1990,Brasilia,Sapato,23/03/2018,8,75,600,3
283,Breno,Amaral,16/04/1989,Rio de Janeiro,Vestido,23/03/2018,75,110,8250,3
431,Paloma,Farias,20/09/1985,Curitiba,Vestido,23/04/2018,101,190,19190,4
433,Elizeu,Barros,14/11/1986,Salvador,Camiseta,23/04/2018,87,30,2610,4
432,Maryanna,Correa,06/11/1986,Sao Paulo,Saia,23/04/2018,137,85,11645,4
586,Emanuella,Fialho,17/02/1991,Rio de Janeiro,Jaqueta,23/06/2018,73,75,5475,6
587,Maryanna,Correa,06/09/1991,Brasilia,Camiseta,23/06/2018,24,190,4560,6
588,Elizeu,Barros,09/03/1991,Brasilia,Vestido,23/06/2018,138,30,4140,6
589,Breno,Amaral,26/08/1992,Salvador,Camiseta,23/06/2018,73,55,4015,6
590,Eduarda,Figueiredo,01/11/1992,Salvador,Vestido,23/06/2018,53,75,3975,6
585,Elizeu,Barros,19/03/1986,Sao Paulo,Casaco,23/06/2018,63,110,6930,6
725,Elizeu,Barros,24/07/1988,Brasilia,Vestido,23/07/2018,25,30,750,7
724,Jucelia,Bailly,13/08/1989,Salvador,Sapato,23/07/2018,40,30,1200,7
723,Joyce,Ribas,26/02/1988,Rio de Janeiro,Vestido,23/07/2018,45,30,1350,7
722,Emanuella,Fialho,29/10/1986,Porto Alegre,Sapato,23/07/2018,124,110,13640,7
720,Iago,Bensdorp,14/04/1989,Curitiba,Sapato,23/07/2018,137,250,34250,7
721,Tayna,Coimbra,13/04/1993,Fortaleza,Casaco,23/07/2018,125,250,31250,7
807,Jucelia,Bailly,13/12/1986,Curitiba,Sapato,23/08/2018,21,75,1575,8
809,Tayna,Coimbra,04/03/1990,Fortaleza,Vestido,23/08/2018,21,30,630,8
808,Tayna,Coimbra,31/07/1991,Sao Paulo,Saia,23/08/2018,40,25,1000,8
965,Izabel,Milagre,18/03/1993,Rio de Janeiro,Casaco,23/09/2018,70,110,7700,9
966,Paloma,Farias,01/05/1989,Curitiba,Saia,23/09/2018,109,55,5995,9
967,Jucelia,Bailly,08/06/1987,Fortaleza,Casaco,23/09/2018,31,190,5890,9
968,Breno,Amaral,22/08/1988,Rio de Janeiro,Vestido,23/09/2018,1,85,85,9
1107,Joyce,Ribas,01/07/1992,Curitiba,Vestido,23/11/2018,85,300,25500,11
1112,Joyce,Ribas,04/09/1992,Rio de Janeiro,Vestido,23/11/2018,52,25,1300,11
1111,Jucelia,Bailly,01/09/1990,Rio de Janeiro,Vestido,23/11/2018,33,55,1815,11
1109,Maryanna,Correa,03/07/1992,Curitiba,Pulseira,23/11/2018,36,300,10800,11
1110,Iago,Bensdorp,26/07/1986,Brasilia,Casaco,23/11/2018,28,150,4200,11
1108,Jucelia,Bailly,26/02/1989,Fortaleza,Vestido,23/11/2018,145,85,12325,11
1249,Izabel,Milagre,10/01/1990,Sao Paulo,Pulseira,23/12/2018,62,110,6820,12
1248,Izabel,Milagre,30/11/1990,Rio de Janeiro,Camiseta,23/12/2018,72,250,18000,12
82,Elizeu,Barros,22/01/1985,Curitiba,Vestido,24/01/2018,81,110,8910,1
84,Maryanna,Correa,20/05/1985,Porto Alegre,Sandalia,24/01/2018,53,85,4505,1
85,Izabel,Milagre,06/05/1986,Porto Alegre,Sapato,24/01/2018,74,25,1850,1
81,Elizeu,Barros,05/12/1989,Salvador,Sapato,24/01/2018,71,190,13490,1
83,Jucelia,Bailly,21/10/1988,Brasilia,Sandalia,24/01/2018,36,200,7200,1
170,Joyce,Ribas,04/10/1990,Porto Alegre,Sapato,24/02/2018,24,200,4800,2
171,Andrew,Carvalhal,02/02/1988,Fortaleza,Casaco,24/02/2018,14,300,4200,2
169,Maryanna,Correa,05/08/1985,Rio de Janeiro,Camiseta,24/02/2018,21,230,4830,2
168,Maryanna,Correa,06/05/1985,Salvador,Casaco,24/02/2018,109,150,16350,2
172,Jucelia,Bailly,13/01/1986,Salvador,Sapato,24/02/2018,37,110,4070,2
288,Juliane,Felipi,04/07/1992,Brasilia,Sapato,24/03/2018,116,30,3480,3
287,Iago,Bensdorp,22/06/1992,Porto Alegre,Vestido,24/03/2018,52,300,15600,3
289,Andrew,Carvalhal,07/08/1992,Porto Alegre,Saia,24/03/2018,17,30,510,3
434,Jucelia,Bailly,10/09/1989,Porto Alegre,Sandalia,24/04/2018,120,250,30000,4
435,Joyce,Ribas,27/09/1989,Fortaleza,Camiseta,24/04/2018,79,200,15800,4
436,Joyce,Ribas,13/09/1985,Rio de Janeiro,Vestido,24/04/2018,47,300,14100,4
437,Breno,Amaral,01/09/1985,Salvador,Bermuda,24/04/2018,96,85,8160,4
438,Joyce,Ribas,16/02/1987,Sao Paulo,Vestido,24/04/2018,143,55,7865,4
439,Breno,Amaral,06/09/1992,Curitiba,Sapato,24/04/2018,98,75,7350,4
441,Patricia,Camara,29/03/1987,Rio de Janeiro,Saia,24/04/2018,24,150,3600,4
440,Paloma,Farias,23/05/1990,Salvador,Casaco,24/04/2018,72,85,6120,4
593,Tayna,Coimbra,29/11/1988,Porto Alegre,Saia,24/06/2018,7,150,1050,6
592,Joyce,Ribas,08/08/1993,Salvador,Sapato,24/06/2018,89,110,9790,6
591,NatÃ¡lia,Huon,09/09/1992,Curitiba,Vestido,24/06/2018,82,300,24600,6
726,Paloma,Farias,22/04/1992,Porto Alegre,Vestido,24/07/2018,148,230,34040,7
730,Iago,Bensdorp,26/10/1990,Sao Paulo,Vestido,24/07/2018,7,85,595,7
729,Izabel,Milagre,24/11/1992,Porto Alegre,Vestido,24/07/2018,23,110,2530,7
728,Eduarda,Figueiredo,13/06/1986,Salvador,Bermuda,24/07/2018,96,30,2880,7
727,Jucelia,Bailly,14/09/1991,Fortaleza,Saia,24/07/2018,21,150,3150,7
810,Tayna,Coimbra,25/04/1986,Porto Alegre,Vestido,24/08/2018,93,300,27900,8
812,Joyce,Ribas,04/06/1987,Salvador,Short,24/08/2018,77,190,14630,8
813,Patricia,Camara,25/03/1990,Brasilia,Camiseta,24/08/2018,121,30,3630,8
814,Tayna,Coimbra,12/03/1992,Brasilia,Short,24/08/2018,20,110,2200,8
811,Izabel,Milagre,25/01/1985,Fortaleza,Vestido,24/08/2018,78,190,14820,8
815,Eduarda,Figueiredo,03/04/1990,Brasilia,Vestido,24/08/2018,41,30,1230,8
970,Patricia,Camara,18/01/1990,Brasilia,Sapato,24/09/2018,39,110,4290,9
969,Jucelia,Bailly,02/11/1992,Sao Paulo,Vestido,24/09/2018,59,150,8850,9
1116,Paloma,Farias,21/12/1990,Porto Alegre,Vestido,24/11/2018,145,30,4350,11
1114,Izabel,Milagre,15/08/1989,Curitiba,Short,24/11/2018,109,75,8175,11
1113,Jucelia,Bailly,06/03/1988,Rio de Janeiro,Vestido,24/11/2018,142,150,21300,11
1115,Patricia,Camara,18/08/1989,Salvador,Pulseira,24/11/2018,90,75,6750,11
1252,Eduarda,Figueiredo,29/04/1988,Curitiba,Casaco,24/12/2018,85,110,9350,12
1253,Jucelia,Bailly,23/01/1991,Fortaleza,Vestido,24/12/2018,122,55,6710,12
1255,Paloma,Farias,01/01/1989,Curitiba,Sapato,24/12/2018,29,55,1595,12
1250,Juliane,Felipi,17/08/1986,Brasilia,Bermuda,24/12/2018,150,190,28500,12
1254,Iago,Bensdorp,16/03/1988,Curitiba,Camiseta,24/12/2018,75,25,1875,12
1251,Tayna,Coimbra,13/11/1993,Fortaleza,Casaco,24/12/2018,86,300,25800,12
88,Emanuella,Fialho,15/09/1988,Porto Alegre,Sapato,25/01/2018,62,85,5270,1
87,Paloma,Farias,04/12/1993,Curitiba,Camiseta,25/01/2018,73,230,16790,1
86,Emanuella,Fialho,23/04/1993,Sao Paulo,Casaco,25/01/2018,119,300,35700,1
176,Andrew,Carvalhal,29/04/1992,Brasilia,Vestido,25/02/2018,78,75,5850,2
175,Eduarda,Figueiredo,30/04/1990,Rio de Janeiro,Short,25/02/2018,144,190,27360,2
174,Breno,Amaral,28/06/1990,Salvador,Casaco,25/02/2018,140,230,32200,2
173,Tayna,Coimbra,29/01/1989,Salvador,Vestido,25/02/2018,136,250,34000,2
294,Elizeu,Barros,26/12/1988,Brasilia,Sapato,25/03/2018,132,30,3960,3
293,Iago,Bensdorp,05/12/1990,Curitiba,Vestido,25/03/2018,38,150,5700,3
291,Breno,Amaral,08/12/1990,Fortaleza,Vestido,25/03/2018,61,190,11590,3
295,Joyce,Ribas,02/03/1993,Sao Paulo,Bermuda,25/03/2018,47,75,3525,3
290,Andrew,Carvalhal,21/11/1990,Salvador,Sandalia,25/03/2018,149,200,29800,3
296,Paloma,Farias,12/07/1988,Sao Paulo,Vestido,25/03/2018,16,25,400,3
292,Izabel,Milagre,27/06/1993,Sao Paulo,Camiseta,25/03/2018,42,150,6300,3
444,Elizeu,Barros,24/02/1987,Curitiba,Sandalia,25/04/2018,66,25,1650,4
442,Izabel,Milagre,14/01/1989,Porto Alegre,Sandalia,25/04/2018,142,25,3550,4
443,Maryanna,Correa,21/11/1986,Porto Alegre,Casaco,25/04/2018,39,85,3315,4
598,Eduarda,Figueiredo,06/06/1988,Brasilia,Camiseta,25/06/2018,2,190,380,6
594,Elizeu,Barros,01/04/1986,Rio de Janeiro,Casaco,25/06/2018,95,250,23750,6
595,Izabel,Milagre,22/04/1993,Sao Paulo,Bermuda,25/06/2018,59,300,17700,6
596,Andrew,Carvalhal,30/05/1988,Porto Alegre,Bermuda,25/06/2018,57,300,17100,6
597,Emanuella,Fialho,14/08/1989,Curitiba,Saia,25/06/2018,44,200,8800,6
599,Elizeu,Barros,11/01/1986,Salvador,Casaco,25/06/2018,2,110,220,6
733,Joyce,Ribas,14/07/1992,Porto Alegre,Sandalia,25/07/2018,103,55,5665,7
731,Andrew,Carvalhal,29/11/1991,Salvador,Vestido,25/07/2018,130,250,32500,7
734,Patricia,Camara,05/04/1988,Salvador,Pulseira,25/07/2018,79,25,1975,7
732,Izabel,Milagre,19/05/1989,Sao Paulo,Vestido,25/07/2018,35,300,10500,7
735,Tayna,Coimbra,22/02/1990,Curitiba,Vestido,25/07/2018,32,30,960,7
819,Paloma,Farias,05/01/1993,Salvador,Sapato,25/08/2018,75,230,17250,8
818,Eduarda,Figueiredo,04/02/1992,Fortaleza,Bermuda,25/08/2018,94,200,18800,8
817,Joyce,Ribas,15/07/1989,Brasilia,Sandalia,25/08/2018,120,190,22800,8
816,Joyce,Ribas,22/11/1991,Brasilia,Vestido,25/08/2018,121,300,36300,8
820,Maryanna,Correa,18/08/1992,Rio de Janeiro,Sapato,25/08/2018,128,75,9600,8
821,Andrew,Carvalhal,26/09/1991,Brasilia,Camiseta,25/08/2018,99,85,8415,8
822,Paloma,Farias,25/09/1989,Sao Paulo,Saia,25/08/2018,73,85,6205,8
823,Elizeu,Barros,13/07/1993,Salvador,Casaco,25/08/2018,24,200,4800,8
824,Andrew,Carvalhal,12/12/1990,Curitiba,Casaco,25/08/2018,18,30,540,8
971,Tayna,Coimbra,21/01/1993,Sao Paulo,Sapato,25/09/2018,145,150,21750,9
972,Paloma,Farias,26/10/1985,Salvador,Sapato,25/09/2018,113,150,16950,9
973,Maryanna,Correa,23/08/1990,Rio de Janeiro,Pulseira,25/09/2018,76,190,14440,9
974,Elizeu,Barros,06/02/1985,Curitiba,Casaco,25/09/2018,132,75,9900,9
975,Paloma,Farias,20/12/1988,Brasilia,Vestido,25/09/2018,83,75,6225,9
976,Joyce,Ribas,18/05/1990,Fortaleza,Sapato,25/09/2018,133,25,3325,9
977,Maryanna,Correa,24/04/1985,Curitiba,Camiseta,25/09/2018,11,85,935,9
1121,Jucelia,Bailly,11/08/1988,Curitiba,Vestido,25/11/2018,67,85,5695,11
1120,Andrew,Carvalhal,31/08/1991,Porto Alegre,Chinelo,25/11/2018,37,200,7400,11
1117,Tayna,Coimbra,24/01/1991,Sao Paulo,Vestido,25/11/2018,133,300,39900,11
1122,Jucelia,Bailly,29/12/1993,Salvador,Vestido,25/11/2018,55,75,4125,11
1118,Izabel,Milagre,30/04/1986,Fortaleza,Vestido,25/11/2018,88,200,17600,11
1124,Breno,Amaral,02/03/1992,Rio de Janeiro,Camiseta,25/11/2018,92,30,2760,11
1119,NatÃ¡lia,Huon,24/11/1992,Sao Paulo,Sapato,25/11/2018,89,150,13350,11
1123,Breno,Amaral,08/09/1992,Rio de Janeiro,Tenis,25/11/2018,117,30,3510,11
1256,Patricia,Camara,17/09/1990,Curitiba,Short,25/12/2018,27,300,8100,12
1257,Emanuella,Fialho,21/05/1986,Salvador,Pulseira,25/12/2018,25,190,4750,12
1258,Jucelia,Bailly,08/09/1987,Fortaleza,Sapato,25/12/2018,2,300,600,12
90,Maryanna,Correa,01/05/1993,Brasilia,Vestido,26/01/2018,7,150,1050,1
89,Izabel,Milagre,15/09/1990,Curitiba,Short,26/01/2018,58,230,13340,1
177,Paloma,Farias,14/06/1987,Salvador,Vestido,26/02/2018,16,200,3200,2
297,Elizeu,Barros,19/10/1986,Curitiba,Casaco,26/03/2018,91,250,22750,3
299,Eduarda,Figueiredo,22/10/1989,Rio de Janeiro,Vestido,26/03/2018,82,30,2460,3
298,Maryanna,Correa,21/03/1988,Fortaleza,Casaco,26/03/2018,73,85,6205,3
450,Patricia,Camara,01/03/1985,Salvador,Casaco,26/04/2018,21,190,3990,4
451,Eduarda,Figueiredo,03/01/1985,Fortaleza,Saia,26/04/2018,66,55,3630,4
452,Patricia,Camara,18/08/1992,Rio de Janeiro,Camiseta,26/04/2018,98,30,2940,4
453,Paloma,Farias,27/06/1991,Porto Alegre,Casaco,26/04/2018,8,110,880,4
448,Breno,Amaral,29/06/1991,Sao Paulo,Camiseta,26/04/2018,49,200,9800,4
447,Joyce,Ribas,13/04/1991,Salvador,Sapato,26/04/2018,60,250,15000,4
446,Jucelia,Bailly,08/04/1986,Salvador,Casaco,26/04/2018,78,300,23400,4
445,NatÃ¡lia,Huon,13/09/1990,Sao Paulo,Vestido,26/04/2018,142,200,28400,4
449,Andrew,Carvalhal,25/12/1989,Porto Alegre,Casaco,26/04/2018,47,150,7050,4
477,Izabel,Milagre,02/12/1988,Curitiba,Pulseira,26/05/2018,115,150,17250,5
478,Jucelia,Bailly,21/07/1987,Sao Paulo,Saia,26/05/2018,36,300,10800,5
480,Izabel,Milagre,07/06/1985,Rio de Janeiro,Chinelo,26/05/2018,14,150,2100,5
481,Paloma,Farias,01/06/1986,Curitiba,Casaco,26/05/2018,32,55,1760,5
479,Emanuella,Fialho,06/06/1990,Porto Alegre,Sandalia,26/05/2018,136,55,7480,5
601,Juliane,Felipi,12/11/1987,Curitiba,Casaco,26/06/2018,115,190,21850,6
602,Paloma,Farias,26/01/1993,Fortaleza,Bermuda,26/06/2018,132,75,9900,6
603,Maryanna,Correa,29/07/1988,Rio de Janeiro,Sapato,26/06/2018,60,110,6600,6
604,Andrew,Carvalhal,07/09/1987,Brasilia,Sapato,26/06/2018,56,85,4760,6
605,Patricia,Camara,23/01/1986,Porto Alegre,Sandalia,26/06/2018,15,230,3450,6
606,Paloma,Farias,24/11/1993,Fortaleza,Vestido,26/06/2018,5,150,750,6
600,Juliane,Felipi,16/09/1989,Salvador,Casaco,26/06/2018,123,300,36900,6
737,Emanuella,Fialho,22/07/1988,Salvador,Sapato,26/07/2018,81,200,16200,7
738,Maryanna,Correa,22/07/1986,Rio de Janeiro,Camiseta,26/07/2018,77,25,1925,7
739,Emanuella,Fialho,02/03/1989,Porto Alegre,Vestido,26/07/2018,19,75,1425,7
740,Iago,Bensdorp,01/10/1986,Sao Paulo,Casaco,26/07/2018,9,55,495,7
736,Iago,Bensdorp,24/05/1988,Brasilia,Sapato,26/07/2018,91,230,20930,7
826,Emanuella,Fialho,17/10/1985,Porto Alegre,Sapato,26/08/2018,27,85,2295,8
827,Patricia,Camara,15/04/1985,Curitiba,Chinelo,26/08/2018,80,25,2000,8
828,Eduarda,Figueiredo,07/11/1989,Brasilia,Short,26/08/2018,5,190,950,8
825,Jucelia,Bailly,16/12/1992,Rio de Janeiro,Short,26/08/2018,131,300,39300,8
1126,Elizeu,Barros,07/07/1991,Fortaleza,Short,26/11/2018,85,200,17000,11
1125,Paloma,Farias,26/08/1990,Fortaleza,Casaco,26/11/2018,94,190,17860,11
1127,Eduarda,Figueiredo,14/07/1992,Fortaleza,Sapato,26/11/2018,28,25,700,11
1259,Juliane,Felipi,23/08/1985,Fortaleza,Vestido,26/12/2018,137,190,26030,12
1260,Eduarda,Figueiredo,13/01/1985,Brasilia,Casaco,26/12/2018,59,230,13570,12
1261,Jucelia,Bailly,25/10/1991,Sao Paulo,Sandalia,26/12/2018,111,85,9435,12
1262,Jucelia,Bailly,17/07/1988,Salvador,Casaco,26/12/2018,45,200,9000,12
1263,Jucelia,Bailly,16/05/1986,Brasilia,Short,26/12/2018,11,230,2530,12
1264,Emanuella,Fialho,26/03/1985,Sao Paulo,Bermuda,26/12/2018,14,150,2100,12
91,Emanuella,Fialho,07/03/1993,Sao Paulo,Vestido,27/01/2018,112,75,8400,1
92,Izabel,Milagre,24/07/1988,Rio de Janeiro,Pulseira,27/01/2018,139,25,3475,1
93,Juliane,Felipi,09/04/1992,Salvador,Sapato,27/01/2018,43,75,3225,1
179,Joyce,Ribas,01/02/1992,Curitiba,Camiseta,27/02/2018,98,230,22540,2
183,Tayna,Coimbra,05/10/1987,Fortaleza,Sapato,27/02/2018,13,190,2470,2
182,Breno,Amaral,03/08/1986,Fortaleza,Sapato,27/02/2018,58,110,6380,2
181,Jucelia,Bailly,06/12/1989,Curitiba,Pulseira,27/02/2018,58,150,8700,2
180,Paloma,Farias,30/09/1987,Salvador,Saia,27/02/2018,128,110,14080,2
178,NatÃ¡lia,Huon,10/08/1985,Curitiba,Vestido,27/02/2018,90,300,27000,2
304,Paloma,Farias,06/01/1993,Sao Paulo,Vestido,27/03/2018,45,85,3825,3
302,Iago,Bensdorp,27/08/1987,Brasilia,Camiseta,27/03/2018,68,250,17000,3
303,Iago,Bensdorp,24/12/1988,Porto Alegre,Short,27/03/2018,120,85,10200,3
301,Andrew,Carvalhal,07/06/1991,Rio de Janeiro,Short,27/03/2018,117,150,17550,3
305,Paloma,Farias,26/05/1991,Porto Alegre,Casaco,27/03/2018,3,150,450,3
300,Andrew,Carvalhal,27/09/1989,Porto Alegre,Sapato,27/03/2018,127,150,19050,3
455,Eduarda,Figueiredo,27/05/1992,Rio de Janeiro,Tenis,27/04/2018,55,190,10450,4
456,Emanuella,Fialho,10/05/1991,Fortaleza,Sapato,27/04/2018,117,85,9945,4
458,Elizeu,Barros,13/03/1989,Sao Paulo,Sandalia,27/04/2018,26,110,2860,4
457,Patricia,Camara,19/10/1991,Rio de Janeiro,Sandalia,27/04/2018,130,25,3250,4
454,Juliane,Felipi,06/10/1990,Porto Alegre,Saia,27/04/2018,142,250,35500,4
484,Maryanna,Correa,19/02/1992,Brasilia,Sapato,27/05/2018,47,110,5170,5
483,Jucelia,Bailly,09/04/1989,Fortaleza,Saia,27/05/2018,39,150,5850,5
482,Breno,Amaral,22/04/1988,Curitiba,Casaco,27/05/2018,126,75,9450,5
485,Juliane,Felipi,19/12/1986,Porto Alegre,Casaco,27/05/2018,126,25,3150,5
607,Paloma,Farias,11/10/1990,Fortaleza,Sandalia,27/06/2018,21,300,6300,6
608,Patricia,Camara,01/01/1992,Curitiba,Vestido,27/06/2018,43,25,1075,6
741,Elizeu,Barros,04/05/1986,Curitiba,Tenis,27/07/2018,119,250,29750,7
832,Joyce,Ribas,30/09/1991,Curitiba,Casaco,27/08/2018,10,25,250,8
830,Elizeu,Barros,20/01/1987,Fortaleza,Vestido,27/08/2018,142,200,28400,8
829,Breno,Amaral,22/03/1992,Porto Alegre,Camiseta,27/08/2018,129,300,38700,8
831,Joyce,Ribas,02/04/1985,Rio de Janeiro,Casaco,27/08/2018,117,55,6435,8
982,Patricia,Camara,09/08/1990,Curitiba,Vestido,27/09/2018,27,30,810,9
980,Andrew,Carvalhal,26/02/1985,Rio de Janeiro,Sapato,27/09/2018,92,55,5060,9
979,Iago,Bensdorp,21/03/1993,Fortaleza,Vestido,27/09/2018,63,150,9450,9
978,Elizeu,Barros,19/05/1990,Curitiba,Short,27/09/2018,146,85,12410,9
981,Eduarda,Figueiredo,01/12/1987,Porto Alegre,Sandalia,27/09/2018,113,30,3390,9
1129,Maryanna,Correa,03/01/1991,Porto Alegre,Casaco,27/11/2018,89,55,4895,11
1130,Breno,Amaral,27/01/1987,Curitiba,Vestido,27/11/2018,30,85,2550,11
1128,Breno,Amaral,26/12/1993,Salvador,Tenis,27/11/2018,52,110,5720,11
1265,Jucelia,Bailly,21/07/1990,Porto Alegre,Casaco,27/12/2018,132,150,19800,12
1270,Jucelia,Bailly,03/02/1986,Salvador,Vestido,27/12/2018,76,25,1900,12
1269,Iago,Bensdorp,21/12/1989,Sao Paulo,Tenis,27/12/2018,80,30,2400,12
1268,Elizeu,Barros,01/05/1990,Sao Paulo,Tenis,27/12/2018,81,110,8910,12
1267,Iago,Bensdorp,07/02/1991,Fortaleza,Casaco,27/12/2018,55,250,13750,12
1266,NatÃ¡lia,Huon,06/10/1989,Rio de Janeiro,Sandalia,27/12/2018,124,150,18600,12
97,Emanuella,Fialho,13/02/1986,Salvador,Saia,28/01/2018,11,25,275,1
96,Eduarda,Figueiredo,08/03/1991,Sao Paulo,Vestido,28/01/2018,44,30,1320,1
95,Iago,Bensdorp,19/08/1985,Salvador,Vestido,28/01/2018,25,300,7500,1
94,Izabel,Milagre,15/01/1989,Salvador,Sapato,28/01/2018,113,150,16950,1
186,Breno,Amaral,21/04/1987,Rio de Janeiro,Saia,28/02/2018,54,25,1350,2
185,Paloma,Farias,29/05/1989,Salvador,Sapato,28/02/2018,19,300,5700,2
184,Izabel,Milagre,02/06/1993,Brasilia,Sandalia,28/02/2018,31,200,6200,2
310,Eduarda,Figueiredo,08/10/1987,Fortaleza,Sapato,28/03/2018,118,150,17700,3
314,Paloma,Farias,20/11/1985,Rio de Janeiro,Camiseta,28/03/2018,137,25,3425,3
313,Izabel,Milagre,27/04/1993,Rio de Janeiro,Chinelo,28/03/2018,76,75,5700,3
312,Elizeu,Barros,24/07/1991,Salvador,Camiseta,28/03/2018,108,55,5940,3
311,Breno,Amaral,04/11/1988,Porto Alegre,Vestido,28/03/2018,82,110,9020,3
315,Juliane,Felipi,03/01/1991,Rio de Janeiro,Casaco,28/03/2018,9,110,990,3
309,Jucelia,Bailly,04/07/1986,Curitiba,Sapato,28/03/2018,100,190,19000,3
308,Maryanna,Correa,05/09/1993,Salvador,Sapato,28/03/2018,139,150,20850,3
307,Jucelia,Bailly,04/05/1992,Salvador,Casaco,28/03/2018,109,200,21800,3
306,NatÃ¡lia,Huon,14/10/1986,Fortaleza,Vestido,28/03/2018,120,190,22800,3
316,Iago,Bensdorp,27/04/1991,Sao Paulo,Bermuda,28/03/2018,3,85,255,3
459,Maryanna,Correa,21/02/1986,Brasilia,Vestido,28/04/2018,55,230,12650,4
460,Paloma,Farias,15/02/1989,Rio de Janeiro,Camiseta,28/04/2018,57,190,10830,4
461,Elizeu,Barros,11/02/1993,Sao Paulo,Tenis,28/04/2018,94,110,10340,4
462,Iago,Bensdorp,14/07/1991,Curitiba,Sandalia,28/04/2018,66,25,1650,4
463,Andrew,Carvalhal,21/01/1993,Sao Paulo,Saia,28/04/2018,2,150,300,4
486,Maryanna,Correa,31/07/1990,Sao Paulo,Sandalia,28/05/2018,128,30,3840,5
489,Maryanna,Correa,16/04/1985,Porto Alegre,Bermuda,28/05/2018,25,25,625,5
488,Juliane,Felipi,28/02/1988,Rio de Janeiro,Casaco,28/05/2018,13,85,1105,5
487,Jucelia,Bailly,30/07/1988,Rio de Janeiro,Sapato,28/05/2018,18,150,2700,5
614,Tayna,Coimbra,07/01/1993,Sao Paulo,Casaco,28/06/2018,22,55,1210,6
613,Joyce,Ribas,02/10/1991,Fortaleza,Short,28/06/2018,48,85,4080,6
609,Eduarda,Figueiredo,25/09/1992,Sao Paulo,Sapato,28/06/2018,76,150,11400,6
612,Breno,Amaral,10/08/1991,Sao Paulo,Tenis,28/06/2018,55,75,4125,6
611,Emanuella,Fialho,13/02/1990,Salvador,Tenis,28/06/2018,52,85,4420,6
610,Izabel,Milagre,26/09/1988,Rio de Janeiro,Sandalia,28/06/2018,48,190,9120,6
742,Izabel,Milagre,20/10/1991,Brasilia,Saia,28/07/2018,81,250,20250,7
743,Emanuella,Fialho,19/09/1991,Sao Paulo,Camiseta,28/07/2018,68,110,7480,7
744,Juliane,Felipi,13/12/1992,Sao Paulo,Casaco,28/07/2018,41,25,1025,7
745,Breno,Amaral,22/08/1988,Sao Paulo,Vestido,28/07/2018,8,110,880,7
839,Emanuella,Fialho,19/10/1993,Fortaleza,Vestido,28/08/2018,52,85,4420,8
841,Izabel,Milagre,22/06/1991,Sao Paulo,Chinelo,28/08/2018,26,55,1430,8
840,Breno,Amaral,07/05/1985,Curitiba,Casaco,28/08/2018,84,30,2520,8
838,Andrew,Carvalhal,05/01/1993,Salvador,Tenis,28/08/2018,114,55,6270,8
834,Emanuella,Fialho,16/05/1990,Porto Alegre,Vestido,28/08/2018,111,110,12210,8
837,Jucelia,Bailly,22/12/1991,Curitiba,Vestido,28/08/2018,141,55,7755,8
836,Patricia,Camara,01/02/1993,Fortaleza,Camiseta,28/08/2018,144,75,10800,8
833,Paloma,Farias,05/09/1988,Porto Alegre,Vestido,28/08/2018,66,230,15180,8
835,Jucelia,Bailly,13/06/1987,Rio de Janeiro,Camiseta,28/08/2018,128,85,10880,8
983,Paloma,Farias,02/11/1988,Rio de Janeiro,Sandalia,28/09/2018,99,300,29700,9
985,Patricia,Camara,03/03/1988,Rio de Janeiro,Casaco,28/09/2018,37,30,1110,9
984,Maryanna,Correa,23/12/1985,Brasilia,Vestido,28/09/2018,68,190,12920,9
986,Izabel,Milagre,09/06/1985,Rio de Janeiro,Pulseira,28/09/2018,7,85,595,9
1131,Andrew,Carvalhal,16/11/1991,Sao Paulo,Short,28/11/2018,74,250,18500,11
1132,Andrew,Carvalhal,23/05/1993,Porto Alegre,Sandalia,28/11/2018,72,150,10800,11
1133,Joyce,Ribas,20/06/1991,Salvador,Casaco,28/11/2018,62,55,3410,11
1134,Breno,Amaral,06/08/1990,Brasilia,Bermuda,28/11/2018,43,75,3225,11
1135,Breno,Amaral,10/05/1988,Curitiba,Vestido,28/11/2018,10,200,2000,11
1136,Juliane,Felipi,31/05/1989,Fortaleza,Saia,28/11/2018,2,110,220,11
1271,Paloma,Farias,26/09/1986,Fortaleza,Sapato,28/12/2018,127,300,38100,12
1273,Maryanna,Correa,28/09/1987,Rio de Janeiro,Sandalia,28/12/2018,105,25,2625,12
1274,Breno,Amaral,25/09/1992,Curitiba,Vestido,28/12/2018,13,150,1950,12
1272,Patricia,Camara,30/12/1993,Fortaleza,Sapato,28/12/2018,31,110,3410,12
1275,Izabel,Milagre,03/08/1988,Sao Paulo,Sandalia,28/12/2018,7,55,385,12
101,Joyce,Ribas,31/05/1990,Fortaleza,Camiseta,29/01/2018,7,75,525,1
100,Elizeu,Barros,19/10/1993,Curitiba,Saia,29/01/2018,59,30,1770,1
99,Joyce,Ribas,06/05/1989,Porto Alegre,Vestido,29/01/2018,69,150,10350,1
98,Paloma,Farias,28/11/1988,Curitiba,Jaqueta,29/01/2018,103,300,30900,1
324,Juliane,Felipi,10/01/1990,Salvador,Casaco,29/03/2018,5,190,950,3
322,Patricia,Camara,15/10/1987,Rio de Janeiro,Sandalia,29/03/2018,91,55,5005,3
320,Jucelia,Bailly,26/05/1990,Curitiba,Sandalia,29/03/2018,20,300,6000,3
319,Jucelia,Bailly,18/09/1989,Sao Paulo,Bermuda,29/03/2018,79,110,8690,3
317,Elizeu,Barros,17/12/1991,Salvador,Saia,29/03/2018,137,150,20550,3
318,Jucelia,Bailly,11/08/1991,Curitiba,Bermuda,29/03/2018,92,200,18400,3
323,Iago,Bensdorp,14/03/1991,Salvador,Saia,29/03/2018,11,230,2530,3
321,Andrew,Carvalhal,30/04/1985,Rio de Janeiro,Sapato,29/03/2018,95,55,5225,3
464,Elizeu,Barros,09/04/1988,Brasilia,Sandalia,29/04/2018,146,190,27740,4
465,Breno,Amaral,04/08/1991,Porto Alegre,Vestido,29/04/2018,43,300,12900,4
466,Izabel,Milagre,20/09/1992,Curitiba,Jaqueta,29/04/2018,42,75,3150,4
468,Jucelia,Bailly,09/01/1993,Rio de Janeiro,Vestido,29/04/2018,9,150,1350,4
467,Juliane,Felipi,01/10/1993,Brasilia,Casaco,29/04/2018,78,30,2340,4
469,Andrew,Carvalhal,14/09/1992,Porto Alegre,Tenis,29/04/2018,4,75,300,4
492,Joyce,Ribas,11/12/1992,Porto Alegre,Jaqueta,29/05/2018,95,230,21850,5
490,Breno,Amaral,01/01/1985,Brasilia,Sapato,29/05/2018,128,230,29440,5
494,Joyce,Ribas,08/05/1987,Brasilia,Camiseta,29/05/2018,16,110,1760,5
493,Emanuella,Fialho,13/03/1988,Porto Alegre,Short,29/05/2018,111,110,12210,5
491,NatÃ¡lia,Huon,04/02/1987,Rio de Janeiro,Jaqueta,29/05/2018,118,190,22420,5
746,Elizeu,Barros,04/09/1985,Porto Alegre,Short,29/07/2018,97,75,7275,7
847,Emanuella,Fialho,04/07/1991,Fortaleza,Saia,29/08/2018,11,230,2530,8
846,Paloma,Farias,23/09/1988,Porto Alegre,Camiseta,29/08/2018,28,110,3080,8
844,Patricia,Camara,18/06/1989,Porto Alegre,Vestido,29/08/2018,123,75,9225,8
843,Iago,Bensdorp,03/02/1992,Porto Alegre,Camiseta,29/08/2018,122,300,36600,8
842,Elizeu,Barros,16/05/1992,Curitiba,Jaqueta,29/08/2018,150,300,45000,8
848,Juliane,Felipi,16/02/1987,Brasilia,Pulseira,29/08/2018,46,25,1150,8
845,Paloma,Farias,12/01/1989,Porto Alegre,Pulseira,29/08/2018,92,75,6900,8
987,Joyce,Ribas,13/06/1989,Salvador,Vestido,29/09/2018,126,200,25200,9
988,Izabel,Milagre,26/05/1991,Porto Alegre,Vestido,29/09/2018,90,200,18000,9
989,Emanuella,Fialho,28/12/1991,Curitiba,Camiseta,29/09/2018,123,30,3690,9
990,Patricia,Camara,13/03/1985,Brasilia,Sapato,29/09/2018,81,30,2430,9
1137,Maryanna,Correa,22/03/1989,Fortaleza,Short,29/11/2018,32,75,2400,11
1276,Andrew,Carvalhal,28/02/1986,Curitiba,Vestido,29/12/2018,45,300,13500,12
1278,Jucelia,Bailly,30/11/1988,Rio de Janeiro,Vestido,29/12/2018,110,30,3300,12
1280,Iago,Bensdorp,13/01/1986,Sao Paulo,Bermuda,29/12/2018,60,25,1500,12
1277,Izabel,Milagre,09/01/1985,Curitiba,Camiseta,29/12/2018,66,55,3630,12
1279,Paloma,Farias,29/01/1990,Salvador,Vestido,29/12/2018,32,85,2720,12
102,Maryanna,Correa,09/11/1992,Fortaleza,Vestido,30/01/2018,131,150,19650,1
103,Elizeu,Barros,21/02/1993,Brasilia,Saia,30/01/2018,98,200,19600,1
105,Jucelia,Bailly,18/01/1991,Brasilia,Casaco,30/01/2018,92,85,7820,1
106,Joyce,Ribas,06/08/1985,Rio de Janeiro,Vestido,30/01/2018,51,110,5610,1
107,Izabel,Milagre,26/10/1990,Brasilia,Saia,30/01/2018,27,150,4050,1
108,Elizeu,Barros,25/04/1986,Salvador,Pulseira,30/01/2018,28,85,2380,1
104,Elizeu,Barros,04/05/1988,Curitiba,Vestido,30/01/2018,138,110,15180,1
109,Emanuella,Fialho,17/03/1990,Salvador,Casaco,30/01/2018,55,25,1375,1
326,Emanuella,Fialho,08/02/1989,Rio de Janeiro,Vestido,30/03/2018,42,230,9660,3
325,Eduarda,Figueiredo,18/11/1985,Sao Paulo,Vestido,30/03/2018,42,230,9660,3
327,Patricia,Camara,26/02/1986,Salvador,Vestido,30/03/2018,47,85,3995,3
328,Paloma,Farias,05/05/1992,Rio de Janeiro,Vestido,30/03/2018,39,75,2925,3
470,Emanuella,Fialho,09/05/1988,Sao Paulo,Sandalia,30/04/2018,147,110,16170,4
471,Andrew,Carvalhal,04/01/1987,Porto Alegre,Sapato,30/04/2018,58,110,6380,4
498,Eduarda,Figueiredo,06/01/1985,Curitiba,Vestido,30/05/2018,30,25,750,5
495,Paloma,Farias,18/05/1985,Curitiba,Pulseira,30/05/2018,115,30,3450,5
497,Joyce,Ribas,15/10/1993,Sao Paulo,Sapato,30/05/2018,39,55,2145,5
496,Jucelia,Bailly,30/03/1987,Fortaleza,Saia,30/05/2018,123,25,3075,5
620,Maryanna,Correa,11/08/1987,Porto Alegre,Bermuda,30/06/2018,1,55,55,6
619,Maryanna,Correa,29/07/1987,Sao Paulo,Camiseta,30/06/2018,61,30,1830,6
615,Izabel,Milagre,21/06/1986,Curitiba,Saia,30/06/2018,25,230,5750,6
616,Maryanna,Correa,14/04/1986,Rio de Janeiro,Vestido,30/06/2018,131,30,3930,6
618,Tayna,Coimbra,27/04/1989,Sao Paulo,Chinelo,30/06/2018,86,25,2150,6
617,Paloma,Farias,14/07/1990,Sao Paulo,Vestido,30/06/2018,22,110,2420,6
748,Maryanna,Correa,16/12/1986,Porto Alegre,Camiseta,30/07/2018,53,150,7950,7
750,Paloma,Farias,07/05/1991,Rio de Janeiro,Casaco,30/07/2018,122,25,3050,7
751,Maryanna,Correa,09/07/1993,Salvador,Sapato,30/07/2018,74,25,1850,7
749,Iago,Bensdorp,13/04/1986,Brasilia,Camiseta,30/07/2018,109,55,5995,7
747,Joyce,Ribas,07/11/1993,Curitiba,Vestido,30/07/2018,70,200,14000,7
849,Andrew,Carvalhal,27/11/1988,Porto Alegre,Saia,30/08/2018,75,200,15000,8
852,Jucelia,Bailly,20/06/1987,Fortaleza,Sapato,30/08/2018,83,55,4565,8
853,Tayna,Coimbra,30/03/1993,Sao Paulo,Camiseta,30/08/2018,38,55,2090,8
854,Paloma,Farias,29/05/1987,Porto Alegre,Vestido,30/08/2018,16,85,1360,8
850,Elizeu,Barros,27/06/1985,Curitiba,Vestido,30/08/2018,50,250,12500,8
851,Joyce,Ribas,02/11/1992,Fortaleza,Sapato,30/08/2018,89,110,9790,8
996,Joyce,Ribas,25/12/1985,Curitiba,Short,30/09/2018,34,110,3740,9
991,Andrew,Carvalhal,23/07/1985,Salvador,Tenis,30/09/2018,141,300,42300,9
997,Andrew,Carvalhal,05/01/1989,Curitiba,Bermuda,30/09/2018,66,55,3630,9
992,Paloma,Farias,19/03/1992,Salvador,Sapato,30/09/2018,132,230,30360,9
995,Andrew,Carvalhal,04/01/1986,Fortaleza,Sapato,30/09/2018,64,150,9600,9
994,Maryanna,Correa,20/01/1987,Porto Alegre,Chinelo,30/09/2018,43,230,9890,9
993,Elizeu,Barros,21/02/1991,Sao Paulo,Vestido,30/09/2018,53,250,13250,9
1002,Patricia,Camara,22/04/1989,Sao Paulo,Casaco,30/10/2018,95,85,8075,10
1140,Maryanna,Correa,10/03/1990,Fortaleza,Sapato,30/11/2018,13,75,975,11
1139,Elizeu,Barros,02/06/1992,Curitiba,Sapato,30/11/2018,112,25,2800,11
1138,Patricia,Camara,14/05/1985,Salvador,Vestido,30/11/2018,104,30,3120,11
1283,Jucelia,Bailly,30/06/1990,Rio de Janeiro,Sapato,30/12/2018,61,25,1525,12
1282,Joyce,Ribas,31/03/1985,Brasilia,Sapato,30/12/2018,121,85,10285,12
1281,Izabel,Milagre,21/01/1989,Curitiba,Casaco,30/12/2018,88,230,20240,12
1284,Maryanna,Correa,29/11/1992,Rio de Janeiro,Casaco,30/12/2018,28,30,840,12
110,Tayna,Coimbra,21/11/1991,Sao Paulo,Vestido,31/01/2018,99,300,29700,1
114,Jucelia,Bailly,27/03/1986,Porto Alegre,Sapato,31/01/2018,113,30,3390,1
113,Maryanna,Correa,29/05/1987,Fortaleza,Vestido,31/01/2018,26,190,4940,1
111,Andrew,Carvalhal,30/01/1990,Porto Alegre,Vestido,31/01/2018,35,250,8750,1
112,Jucelia,Bailly,09/08/1992,Curitiba,Sandalia,31/01/2018,124,55,6820,1
330,Patricia,Camara,15/05/1988,Rio de Janeiro,Pulseira,31/03/2018,76,200,15200,3
331,Joyce,Ribas,31/01/1989,Rio de Janeiro,Saia,31/03/2018,89,150,13350,3
332,Elizeu,Barros,15/09/1988,Rio de Janeiro,Bermuda,31/03/2018,18,150,2700,3
329,Paloma,Farias,23/09/1985,Rio de Janeiro,Vestido,31/03/2018,132,190,25080,3
499,Joyce,Ribas,31/08/1990,Brasilia,Sapato,31/05/2018,125,150,18750,5
505,Breno,Amaral,21/09/1990,Fortaleza,Sapato,31/05/2018,24,25,600,5
500,Iago,Bensdorp,22/09/1993,Brasilia,Vestido,31/05/2018,114,150,17100,5
504,Joyce,Ribas,25/05/1987,Porto Alegre,Vestido,31/05/2018,11,85,935,5
503,Eduarda,Figueiredo,02/12/1989,Brasilia,Short,31/05/2018,37,85,3145,5
502,Maryanna,Correa,13/05/1987,Porto Alegre,Tenis,31/05/2018,45,230,10350,5
501,Joyce,Ribas,09/07/1985,Curitiba,Vestido,31/05/2018,44,250,11000,5
757,Paloma,Farias,23/08/1991,Curitiba,Jaqueta,31/07/2018,12,110,1320,7
754,Joyce,Ribas,24/06/1986,Sao Paulo,Sandalia,31/07/2018,110,55,6050,7
755,Iago,Bensdorp,21/02/1986,Curitiba,Saia,31/07/2018,44,110,4840,7
756,Joyce,Ribas,29/03/1990,Salvador,Jaqueta,31/07/2018,29,85,2465,7
753,Tayna,Coimbra,28/07/1991,Sao Paulo,Short,31/07/2018,118,200,23600,7
752,Andrew,Carvalhal,19/05/1991,Brasilia,Camiseta,31/07/2018,110,250,27500,7
859,Juliane,Felipi,26/04/1993,Rio de Janeiro,Vestido,31/08/2018,32,25,800,8
858,Eduarda,Figueiredo,24/09/1989,Curitiba,Chinelo,31/08/2018,104,55,5720,8
857,Izabel,Milagre,24/07/1985,Porto Alegre,Sapato,31/08/2018,137,110,15070,8
856,Iago,Bensdorp,14/07/1993,Fortaleza,Saia,31/08/2018,71,250,17750,8
855,Eduarda,Figueiredo,23/09/1992,Rio de Janeiro,Bermuda,31/08/2018,81,300,24300,8
1007,Tayna,Coimbra,28/08/1990,Fortaleza,Short,31/10/2018,50,30,1500,10
1003,Jucelia,Bailly,12/01/1989,Porto Alegre,Casaco,31/10/2018,130,300,39000,10
1004,Paloma,Farias,29/10/1992,Brasilia,Sapato,31/10/2018,53,190,10070,10
1005,Maryanna,Correa,05/02/1986,Salvador,Tenis,31/10/2018,59,55,3245,10
1006,Patricia,Camara,03/12/1990,Rio de Janeiro,Sapato,31/10/2018,105,30,3150,10
1008,Elizeu,Barros,13/04/1990,Porto Alegre,Saia,31/10/2018,4,30,120,10
1285,Eduarda,Figueiredo,06/05/1992,Salvador,Sapato,31/12/2018,31,30,930,12
